interviewID,socialclass,age3g,opportunities,morescience_lowfaith,right_wrong,science_not_important,better_of_ worse_of,partyvotefor,sex
840071001,5,2,-2,-2,-2,-2,-2,840002,2
840071002,3,2,-2,-2,-2,-2,-2,840005,2
840071003,5,2,1,1,10,10,-1,-1,2
840071004,3,2,1,10,1,5,1,840005,2
840071005,3,1,4,5,5,5,1,840001,2
840071006,5,1,1,1,1,1,1,840005,1
840071007,3,2,1,1,1,10,1,840006,1
840071008,3,3,6,4,6,1,1,840002,2
840071009,4,1,1,10,10,5,1,840004,2
840071010,5,3,10,10,10,10,1,840002,1
840071011,3,2,-1,10,-1,1,1,840001,2
840071012,4,1,1,10,10,10,1,840005,1
840071013,4,2,3,1,6,6,1,840001,2
840071014,3,2,10,10,9,2,1,840002,2
840071015,5,1,3,5,4,3,1,840002,2
840071016,4,1,5,1,3,7,1,840005,2
840071017,2,2,7,10,8,8,1,840002,2
840071018,4,3,4,10,3,1,1,840002,2
840071019,3,3,10,10,1,1,1,840002,1
840071020,5,1,1,1,5,7,1,840001,1
840071021,2,2,10,10,1,1,2,840001,2
840071022,3,2,5,5,6,1,2,840006,1
840071023,3,3,6,9,5,8,3,840002,2
840071024,2,2,3,7,6,6,3,840005,2
840071025,3,1,2,9,5,2,3,840001,1
840071026,3,2,4,5,1,5,4,840001,1
840071027,4,2,5,5,5,4,4,840002,2
840071028,3,1,7,6,7,8,4,840005,2
840071029,5,2,6,3,7,4,4,840001,2
840071030,4,2,5,5,6,7,4,840001,2
840071031,4,2,4,6,6,3,4,840005,1
840071032,3,1,5,3,3,3,4,840005,1
840071033,4,1,8,5,5,5,5,840002,1
840071034,3,2,5,5,3,1,5,840005,2
840071035,3,1,9,4,7,2,5,840005,1
840071036,3,1,5,10,8,4,5,840002,2
840071037,5,3,10,10,10,4,5,840005,2
840071038,4,2,4,3,6,4,5,840005,1
840071039,2,2,5,5,5,5,5,840001,1
840071040,5,2,5,5,5,5,5,840002,2
840071041,5,1,6,5,1,1,5,840004,2
840071042,3,2,5,5,5,5,5,840005,1
840071043,2,3,2,8,10,5,5,840001,1
840071044,5,2,10,1,4,1,5,840002,2
840071045,5,1,7,7,8,2,5,840005,2
840071046,3,2,5,3,3,1,5,840002,2
840071047,3,3,7,5,6,7,5,840001,2
840071048,5,2,5,5,5,5,5,840005,2
840071049,3,1,6,5,6,-2,5,840001,2
840071050,4,3,4,5,1,7,5,-2,1
840071051,2,3,1,10,1,10,5,840005,2
840071052,3,3,7,9,8,4,5,-2,1
840071053,5,2,8,5,5,10,5,840005,1
840071054,2,2,5,5,5,5,5,840002,1
840071055,3,1,5,5,5,5,5,-2,2
840071056,4,2,10,1,5,5,5,840002,1
840071057,2,1,5,5,5,5,5,-2,2
840071058,3,1,1,10,6,4,5,840006,2
840071059,3,2,3,7,9,9,5,840004,2
840071060,-2,1,7,10,5,5,5,840002,2
840071061,5,3,10,1,7,10,5,840005,2
840071062,5,2,6,10,5,7,5,840002,1
840071063,3,2,7,5,5,10,5,840002,1
840071064,5,1,5,5,5,5,5,840005,2
840071065,2,3,7,7,5,4,5,840002,2
840071066,3,1,3,9,10,7,5,840005,2
840071067,3,2,5,5,1,5,5,840002,1
840071068,3,1,5,5,5,5,5,840005,2
840071069,3,1,5,5,5,5,5,840005,2
840071070,2,1,10,3,7,5,5,840002,2
840071071,5,1,1,1,1,1,6,840005,2
840071072,5,3,3,9,7,7,6,840005,1
840071073,3,1,6,6,6,6,6,840002,1
840071074,3,1,5,5,5,3,6,840006,2
840071075,4,3,6,6,6,6,6,840005,2
840071076,5,1,6,6,6,6,6,840005,1
840071077,3,2,7,3,6,7,6,840005,1
840071078,5,2,4,5,6,5,6,840002,2
840071079,2,1,7,1,3,7,6,840001,2
840071080,4,2,7,6,5,8,6,840002,2
840071081,2,2,10,5,5,5,6,840005,1
840071082,5,1,7,7,5,6,6,840005,2
840071083,5,3,6,10,6,10,6,840002,1
840071084,3,1,8,3,4,5,6,840005,1
840071085,2,2,6,4,2,3,6,840002,2
840071086,4,2,3,3,3,7,6,840004,2
840071087,3,2,6,7,4,1,7,840002,1
840071088,4,2,6,6,5,3,7,840001,2
840071089,4,2,5,5,5,1,7,840005,1
840071090,5,3,8,5,9,7,7,840001,2
840071091,4,2,1,9,8,3,7,840002,2
840071092,5,2,7,10,4,6,7,840002,2
840071093,3,1,9,1,1,1,7,840002,2
840071094,4,2,8,4,1,1,7,840005,2
840071095,3,3,6,3,4,3,7,840002,2
840071096,4,2,8,5,7,10,7,840001,1
840071097,5,2,7,7,7,7,7,840002,2
840071098,3,1,9,7,7,7,7,840001,2
840071099,3,2,3,8,7,3,7,840001,2
840071100,3,2,6,8,9,5,7,840005,1
840071101,2,2,8,5,6,4,7,840001,1
840071102,2,2,1,1,1,6,7,840001,1
840071103,4,3,6,6,8,8,8,840001,2
840071104,3,2,7,1,1,3,8,840005,1
840071105,2,2,5,2,9,4,8,840002,1
840071106,4,3,7,3,6,3,8,840001,2
840071107,3,2,7,7,7,8,8,840002,1
840071108,3,2,6,8,8,3,8,840001,1
840071109,5,2,4,3,3,5,8,840005,2
840071110,5,2,9,9,9,9,9,840002,2
840071111,5,1,10,1,1,4,9,840002,1
840071112,2,1,1,1,1,1,9,840005,1
840071113,-2,1,8,1,8,8,9,-2,2
840071114,3,1,10,1,1,1,10,840004,1
840071115,3,3,5,1,1,1,10,840002,1
840071116,2,3,7,1,7,1,10,840002,2
840071117,3,2,10,1,1,10,10,840002,1
840071118,4,2,1,1,5,1,10,840002,1
840071119,4,2,10,1,1,1,10,840002,1
840071120,4,1,10,1,1,1,10,840001,1
840071121,5,1,10,1,1,1,10,840005,2
840071122,2,3,10,1,1,1,10,-2,1
840071123,4,2,8,9,10,7,10,840005,1
840071124,4,2,10,1,1,1,10,840005,2
840071125,4,2,10,10,1,1,10,840005,1
840071126,5,3,1,-1,10,1,10,840002,2
840071127,3,1,10,1,1,1,10,840002,2
840071128,3,2,10,10,10,1,10,840002,2
840071129,5,2,10,3,1,1,10,840002,1
840071130,3,3,10,1,1,1,10,840002,1
840071131,4,3,2,2,1,2,10,840002,2
840071132,5,1,7,9,5,4,10,840005,1
840071133,2,3,6,10,10,10,10,840005,1
840071134,4,1,10,5,5,5,10,840005,2
840071135,5,2,10,1,1,6,10,840002,1
840071136,3,2,10,1,1,1,10,840002,2
840071137,3,1,10,1,1,1,10,840002,2
840071138,4,1,8,6,9,5,10,840002,2
840071139,3,2,5,1,3,1,10,-2,1
840071140,5,1,10,2,2,1,10,840005,1
840071141,4,2,10,5,5,7,10,-2,1
840071142,3,3,10,1,3,3,10,840004,1
840071143,4,2,10,1,1,1,10,840006,2
840071144,3,2,10,5,1,1,10,840005,2
840071145,4,2,8,9,3,2,10,840002,1
840071146,4,1,4,1,8,3,10,840005,1
840071147,3,3,-2,-2,-2,-2,-2,840001,1
840071148,3,1,6,-2,-2,4,-2,840002,2
840071149,4,1,8,4,7,-2,-2,840002,2
840071150,2,1,8,7,8,7,-2,840006,2
840071151,3,2,2,8,5,1,1,840002,1
840071152,4,3,4,10,5,7,1,840005,1
840071153,4,2,7,5,1,5,1,840005,2
840071154,4,1,6,8,9,2,1,840004,2
840071155,5,2,10,1,1,7,1,840002,2
840071156,3,2,5,10,10,1,1,840002,2
840071157,4,1,6,10,8,7,1,840005,2
840071158,3,2,1,5,6,7,1,840001,1
840071159,5,2,5,5,10,1,1,840001,1
840071160,4,1,1,5,5,4,1,840005,1
840071161,4,2,1,10,10,1,1,840005,2
840071162,3,1,10,10,10,10,1,840002,2
840071163,2,1,6,1,6,8,1,840004,2
840071164,2,1,6,3,6,3,2,840004,2
840071165,2,2,10,10,4,1,2,840002,2
840071166,2,2,8,8,7,9,2,840004,2
840071167,3,2,7,7,5,7,2,840002,2
840071168,4,1,6,8,6,4,3,840002,2
840071169,2,2,7,5,5,7,3,840006,1
840071170,4,1,2,1,9,2,3,840004,2
840071171,3,2,8,8,2,2,3,840004,1
840071172,3,2,4,7,5,4,3,840001,2
840071173,4,1,3,2,9,1,3,840002,2
840071174,3,2,8,7,6,6,3,840001,1
840071175,4,1,10,1,9,6,3,840002,2
840071176,4,1,9,7,5,5,3,840002,2
840071177,2,2,9,4,5,4,3,840001,2
840071178,4,2,5,5,3,10,3,840001,1
840071179,4,3,4,1,2,5,3,840001,2
840071180,4,3,8,9,4,1,3,840002,1
840071181,5,2,2,9,3,9,3,840005,2
840071182,4,2,5,10,9,7,3,840002,2
840071183,4,1,10,5,6,4,3,840002,2
840071184,3,1,6,6,4,7,3,840001,2
840071185,5,1,10,10,5,5,3,840002,2
840071186,2,2,3,8,5,6,3,840002,2
840071187,3,1,7,8,4,4,4,840002,2
840071188,3,2,6,4,5,7,4,840004,2
840071189,5,2,10,2,3,1,4,840002,1
840071190,2,1,7,10,10,1,4,840002,2
840071191,4,3,6,7,6,4,4,840005,2
840071192,4,3,8,6,5,6,4,840005,2
840071193,3,1,4,6,5,4,4,840005,1
840071194,3,2,3,9,3,4,4,840006,1
840071195,2,2,7,5,5,6,4,840005,2
840071196,4,1,5,5,5,3,4,840002,2
840071197,2,1,10,1,1,1,4,840006,1
840071198,3,2,4,6,8,8,4,840005,1
840071199,4,2,9,4,8,9,4,840002,2
840071200,4,2,3,8,9,2,4,840006,1
840071201,5,1,5,5,4,4,4,840002,2
840071202,2,1,9,4,4,3,4,840004,2
840071203,4,1,5,5,5,6,4,840005,1
840071204,3,1,5,6,-2,4,4,840004,2
840071205,3,2,3,5,5,4,4,840001,1
840071206,2,3,3,10,4,5,4,-2,1
840071207,3,1,10,7,1,1,4,840002,2
840071208,4,3,3,5,5,1,4,840001,2
840071209,4,1,8,4,5,5,4,840002,2
840071210,3,2,3,4,3,5,4,840005,2
840071211,3,2,6,7,10,6,4,840002,2
840071212,4,1,8,7,7,7,5,840002,1
840071213,5,1,7,7,1,6,5,840004,2
840071214,2,1,10,7,8,1,5,840001,2
840071215,3,1,9,8,8,8,5,840002,2
840071216,4,1,5,5,7,5,5,840002,2
840071217,3,2,4,5,5,5,5,840004,1
840071218,4,3,5,7,7,5,5,840006,2
840071219,5,1,5,9,8,5,5,840001,2
840071220,3,1,5,5,10,5,5,840002,2
840071221,2,2,5,5,5,5,5,840002,2
840071222,4,1,5,5,7,7,5,840002,2
840071223,3,1,7,4,3,7,5,840001,1
840071224,4,2,8,6,6,-2,5,840005,2
840071225,2,2,9,7,7,7,5,840002,2
840071226,2,1,2,7,8,3,5,840002,2
840071227,3,1,6,7,5,5,5,840001,2
840071228,2,1,4,5,3,3,5,840002,2
840071229,4,2,5,5,5,5,5,840005,1
840071230,3,2,5,5,5,5,5,840005,2
840071231,2,2,4,5,6,5,5,840004,2
840071232,3,1,5,5,5,5,5,840002,2
840071233,3,2,6,4,5,1,5,840002,2
840071234,5,1,5,10,6,10,5,840001,2
840071235,3,1,7,7,5,5,5,840002,2
840071236,3,3,6,10,5,5,5,840001,2
840071237,3,2,5,5,5,5,5,840005,2
840071238,3,1,5,5,5,5,5,840002,1
840071239,3,2,8,7,6,4,5,840002,1
840071240,3,3,7,6,6,6,5,-2,2
840071241,3,2,5,6,5,5,5,840002,2
840071242,5,2,5,5,5,5,5,840002,2
840071243,3,2,4,5,4,5,5,840004,2
840071244,3,2,7,7,6,7,5,840004,2
840071245,3,1,5,10,5,10,5,840001,2
840071246,4,1,5,7,6,5,5,840004,2
840071247,3,2,10,5,5,5,5,840005,2
840071248,4,1,5,5,5,5,5,840001,2
840071249,3,1,5,5,5,5,5,840002,2
840071250,5,1,4,6,6,4,5,840005,2
840071251,3,2,4,10,5,8,5,840002,1
840071252,4,1,9,1,5,2,5,840002,2
840071253,5,1,5,5,4,5,5,840005,2
840071254,5,1,5,5,5,5,5,840001,2
840071255,5,2,6,6,6,7,5,840005,2
840071256,5,2,7,8,5,5,5,840002,1
840071257,2,2,4,10,4,4,5,840002,2
840071258,3,1,5,5,5,5,5,840002,2
840071259,3,3,4,10,5,3,5,840002,2
840071260,3,2,9,10,9,10,5,840004,2
840071261,4,1,4,4,5,4,5,840002,2
840071262,3,1,5,5,5,5,5,840005,2
840071263,3,2,2,9,5,5,5,840005,2
840071264,5,2,2,1,5,4,5,840005,2
840071265,4,3,1,10,10,1,5,-2,2
840071266,4,3,3,7,5,4,5,840001,2
840071267,4,2,5,5,5,5,5,840002,2
840071268,4,2,5,5,5,5,5,840006,2
840071269,4,1,4,4,3,7,5,840005,2
840071270,3,1,5,8,4,5,5,840004,1
840071271,4,2,10,1,1,1,5,840005,1
840071272,3,3,3,5,1,3,5,840001,1
840071273,3,1,10,7,5,1,5,840001,2
840071274,4,1,4,7,5,4,5,840002,2
840071275,2,2,5,6,7,7,5,840002,2
840071276,2,2,4,7,5,2,5,840002,2
840071277,2,1,6,7,5,5,5,840002,2
840071278,2,2,10,10,10,4,5,840005,2
840071279,2,2,7,6,5,7,5,840002,1
840071280,4,1,5,5,5,5,5,840006,2
840071281,4,2,5,5,6,5,5,840005,1
840071282,4,1,8,4,5,5,5,840005,1
840071283,4,3,5,8,5,2,5,840001,1
840071284,4,1,5,5,5,5,5,840005,2
840071285,2,2,8,3,4,3,5,840005,1
840071286,5,1,3,10,8,10,5,840005,2
840071287,4,2,5,5,5,5,5,840002,2
840071288,3,2,7,5,5,6,5,840001,2
840071289,3,2,5,5,5,5,5,840005,2
840071290,5,2,8,5,5,8,5,840002,2
840071291,4,1,5,5,5,5,5,840002,1
840071292,3,1,5,5,5,6,5,840005,2
840071293,3,2,10,10,6,7,5,840002,2
840071294,3,2,5,5,5,5,5,-2,1
840071295,4,2,6,10,5,5,5,840005,2
840071296,4,2,10,10,1,5,5,840005,1
840071297,5,2,10,7,4,4,6,840001,2
840071298,1,1,5,5,6,6,6,840006,2
840071299,4,2,6,4,6,2,6,840005,1
840071300,4,3,8,9,8,1,6,840005,2
840071301,3,2,5,4,5,7,6,840005,2
840071302,5,2,5,8,5,2,6,840002,2
840071303,4,1,5,10,10,9,6,840005,2
840071304,4,1,5,1,4,1,6,840005,2
840071305,3,1,8,6,6,6,6,840001,2
840071306,4,2,6,1,5,2,6,840005,2
840071307,3,2,6,6,6,6,6,840002,1
840071308,4,3,10,1,4,1,6,840002,2
840071309,4,2,8,5,6,5,6,840001,2
840071310,3,1,6,6,5,5,6,840005,1
840071311,5,3,5,2,3,2,6,840002,2
840071312,4,1,6,5,5,5,6,840002,2
840071313,5,1,3,1,7,4,6,840002,2
840071314,3,3,8,1,7,5,6,840001,1
840071315,3,2,4,5,6,4,6,840001,1
840071316,3,2,5,10,10,6,6,840005,2
840071317,5,2,2,5,10,8,6,840005,2
840071318,2,2,8,5,1,2,6,840004,2
840071319,4,3,6,9,6,6,6,840004,2
840071320,4,2,-2,6,6,6,6,840005,2
840071321,4,3,1,6,5,10,6,840001,1
840071322,2,1,7,3,4,4,6,840004,2
840071323,5,3,9,2,4,1,6,840005,2
840071324,3,3,8,10,10,10,6,840005,2
840071325,3,1,9,9,7,3,6,840005,1
840071326,4,2,7,4,5,5,6,840001,2
840071327,4,2,6,6,2,1,6,840004,2
840071328,3,1,8,2,2,4,6,840002,2
840071329,4,3,9,6,4,3,6,840002,1
840071330,4,1,6,8,5,4,6,840002,2
840071331,4,1,-2,3,5,5,6,840002,2
840071332,4,2,6,10,6,3,6,840002,2
840071333,4,1,4,7,9,2,6,840002,2
840071334,3,1,4,10,7,5,6,840002,1
840071335,3,1,6,3,5,5,6,840005,1
840071336,3,3,7,9,8,5,6,840002,2
840071337,3,1,9,6,1,1,6,840002,2
840071338,2,1,7,9,9,6,6,840004,2
840071339,5,1,4,3,2,5,6,840002,1
840071340,1,1,6,6,6,6,6,840005,2
840071341,3,2,6,8,7,6,6,840002,2
840071342,2,2,5,6,10,1,6,840002,2
840071343,4,2,6,5,5,4,6,840002,2
840071344,3,3,7,6,6,8,6,840002,1
840071345,3,2,9,5,6,9,7,840002,2
840071346,2,2,5,1,7,4,7,840001,1
840071347,4,1,5,7,5,5,7,840006,2
840071348,4,2,8,5,5,8,7,840002,1
840071349,3,3,7,6,5,2,7,840005,1
840071350,3,1,7,10,8,9,7,840005,2
840071351,3,2,5,5,4,6,7,840001,2
840071352,3,2,3,10,5,6,7,840005,1
840071353,5,1,4,2,3,3,7,840005,1
840071354,4,2,10,10,10,5,7,840002,2
840071355,-2,1,6,6,6,3,7,840002,2
840071356,3,2,10,10,6,7,7,840002,2
840071357,4,2,9,1,1,6,7,840005,2
840071358,3,2,7,10,8,1,7,840005,2
840071359,2,2,4,1,3,2,7,840006,2
840071360,3,2,5,4,4,6,7,840002,2
840071361,2,3,8,9,5,3,7,840001,2
840071362,2,2,2,9,5,5,7,840002,2
840071363,3,1,7,9,4,3,7,840001,2
840071364,4,1,8,5,5,1,7,840001,1
840071365,4,2,7,4,4,5,7,840001,1
840071366,5,2,6,10,6,3,7,840002,2
840071367,4,1,7,9,7,3,7,840005,1
840071368,3,2,6,3,5,1,7,840002,2
840071369,2,2,9,4,10,2,7,840001,2
840071370,5,3,5,5,4,3,7,840002,1
840071371,4,1,5,1,5,5,7,840005,1
840071372,4,3,7,8,7,7,7,840001,2
840071373,5,1,7,3,7,5,7,840002,1
840071374,4,2,5,1,1,8,7,840001,1
840071375,2,2,8,7,6,7,7,840001,1
840071376,4,2,5,5,4,4,7,840005,2
840071377,4,3,8,10,7,6,7,840001,2
840071378,3,3,8,9,8,10,7,840005,2
840071379,3,1,5,6,5,5,7,840001,1
840071380,4,2,4,8,5,1,7,840002,2
840071381,4,2,6,5,3,4,7,-2,1
840071382,3,1,7,5,8,2,7,-2,1
840071383,2,3,8,5,4,6,7,840001,2
840071384,3,2,5,5,3,5,7,840005,1
840071385,4,1,7,1,2,6,7,840005,2
840071386,1,2,5,8,5,7,7,840001,1
840071387,3,3,3,4,3,2,7,840002,1
840071388,3,1,5,1,1,1,7,840004,1
840071389,2,2,8,6,5,7,7,840002,2
840071390,4,1,8,7,7,7,7,840004,1
840071391,3,1,10,1,1,1,7,840002,1
840071392,4,1,6,4,4,8,7,840005,1
840071393,3,2,5,3,5,7,7,840005,2
840071394,3,1,1,8,7,4,7,840002,2
840071395,5,1,9,7,7,2,7,840002,2
840071396,4,2,10,3,7,7,8,-2,2
840071397,3,1,7,3,4,7,8,840005,2
840071398,3,1,8,1,5,3,8,840005,2
840071399,3,1,8,1,1,1,8,840004,2
840071400,4,3,7,5,4,6,8,840002,1
840071401,3,2,7,8,5,4,8,840001,2
840071402,4,1,6,1,3,4,8,840002,1
840071403,2,1,4,2,5,1,8,840004,1
840071404,3,1,4,2,3,1,8,840001,1
840071405,3,2,3,2,5,3,8,840005,1
840071406,2,2,8,10,5,1,8,840001,1
840071407,3,3,6,8,1,1,8,-2,1
840071408,3,1,8,2,4,1,8,840002,2
840071409,4,1,6,1,1,10,8,840002,2
840071410,4,1,10,1,1,1,8,840005,2
840071411,2,2,7,2,2,3,8,840004,2
840071412,3,1,9,6,5,4,8,840002,2
840071413,4,2,7,10,10,6,8,840001,2
840071414,3,2,8,1,1,1,8,840005,2
840071415,3,3,5,4,4,3,8,840001,1
840071416,5,1,8,8,8,8,8,840006,1
840071417,3,2,4,5,1,4,8,840001,1
840071418,4,2,8,8,8,9,8,840002,2
840071419,4,1,8,4,6,1,8,840002,2
840071420,2,2,8,7,6,4,8,840002,2
840071421,2,3,9,1,3,1,8,840002,1
840071422,-2,2,8,9,5,3,8,840005,1
840071423,3,2,8,4,1,5,8,840002,2
840071424,2,2,10,1,5,5,8,840002,2
840071425,3,2,5,7,6,1,8,840001,1
840071426,4,2,1,6,7,10,8,840002,1
840071427,2,2,4,1,5,2,8,840001,1
840071428,4,2,10,1,7,3,8,840001,1
840071429,4,2,7,7,6,3,8,840002,1
840071430,4,2,8,9,7,5,8,840002,2
840071431,3,2,8,7,6,4,8,840002,2
840071432,3,3,9,6,7,5,8,840002,2
840071433,3,2,7,5,7,4,8,840002,2
840071434,4,3,7,10,7,5,8,840002,2
840071435,3,2,5,9,5,4,8,840002,1
840071436,3,1,5,2,6,8,8,840006,1
840071437,3,1,10,1,1,1,8,840002,1
840071438,2,2,7,3,2,5,8,840002,2
840071439,3,1,9,7,7,2,8,840001,1
840071440,3,3,8,8,8,8,8,840002,1
840071441,5,2,8,6,8,2,8,840002,1
840071442,3,3,7,10,5,9,8,840005,2
840071443,4,2,5,6,5,10,8,840002,1
840071444,2,3,10,10,7,5,8,840005,2
840071445,1,2,5,7,8,8,8,840005,2
840071446,2,3,4,8,8,7,8,840004,1
840071447,4,2,9,2,2,2,9,840006,1
840071448,3,1,10,2,5,1,9,840001,1
840071449,4,1,7,1,3,2,9,840002,1
840071450,3,2,8,7,5,7,9,840002,2
840071451,3,1,8,1,1,1,9,840005,2
840071452,2,1,10,3,3,3,9,840001,2
840071453,3,1,10,1,1,1,9,840005,2
840071454,5,1,7,2,6,4,9,840005,1
840071455,5,2,8,4,3,6,9,840002,2
840071456,4,2,10,1,5,4,9,840002,2
840071457,4,2,9,5,2,2,9,840005,1
840071458,4,2,8,2,3,3,9,840005,2
840071459,2,2,8,4,7,2,9,840001,2
840071460,2,2,9,6,4,2,9,840002,1
840071461,3,2,8,4,3,3,9,840004,2
840071462,5,2,10,10,6,1,9,840002,1
840071463,3,1,10,5,3,3,9,840005,1
840071464,3,3,10,7,10,3,9,840001,1
840071465,3,1,3,7,10,3,9,840004,2
840071466,3,2,8,1,1,4,9,840002,2
840071467,2,2,10,1,1,7,9,840001,1
840071468,3,1,8,6,5,4,9,840005,2
840071469,4,2,10,10,9,9,9,840002,1
840071470,2,1,10,1,1,1,10,840002,2
840071471,5,2,10,1,1,10,10,840002,1
840071472,4,3,8,1,1,1,10,840005,2
840071473,3,2,10,10,10,10,10,840002,1
840071474,3,2,8,10,5,5,10,840002,1
840071475,1,1,5,6,10,7,10,840001,1
840071476,4,1,10,1,4,1,10,840002,1
840071477,2,1,10,3,4,1,10,840002,1
840071478,2,1,10,1,1,1,10,840001,1
840071479,3,3,8,1,5,1,10,840002,1
840071480,5,1,10,1,1,1,10,840006,2
840071481,3,2,10,1,1,1,10,840006,2
840071482,3,2,10,1,1,1,10,840006,1
840071483,4,2,4,1,2,1,10,840006,1
840071484,2,2,6,5,5,3,10,840005,1
840071485,3,1,9,1,1,5,10,840002,2
840071486,3,2,9,1,1,1,10,840005,2
840071487,3,1,9,4,3,3,10,840001,2
840071488,3,3,5,10,10,6,10,840001,2
840071489,4,1,5,7,5,3,10,840005,2
840071490,3,1,8,1,2,1,10,840002,2
840071491,5,2,10,1,1,1,10,840002,2
840071492,2,1,10,1,1,1,10,840002,1
840071493,3,1,10,1,4,1,10,840002,2
840071494,4,1,7,3,5,2,10,840002,2
840071495,2,2,7,5,3,3,10,840001,1
840071496,4,2,4,1,6,1,10,840005,1
840071497,3,2,10,1,1,1,10,840002,1
840071498,2,2,5,5,-2,1,10,840001,2
840071499,2,3,10,1,1,1,10,840004,1
840071500,4,3,4,5,1,1,10,840002,2
840071501,4,3,5,1,1,1,10,840005,1
840071502,5,1,4,5,5,6,10,840001,1
840071503,2,3,10,1,1,3,10,840002,1
840071504,5,2,10,1,5,1,10,840005,2
840071505,2,1,10,1,2,2,10,840002,1
840071506,3,3,10,6,6,10,10,840002,1
840071507,4,1,10,5,4,3,10,840001,1
840071508,3,2,10,1,1,1,10,840004,1
840071509,5,2,10,1,1,1,10,840002,2
840071510,2,3,10,2,1,1,10,840001,1
840071511,3,3,1,3,6,4,10,840001,2
840071512,5,3,10,1,1,1,10,840002,2
840071513,2,1,10,1,1,1,10,840004,2
840071514,3,3,9,8,7,6,10,840001,1
840071515,2,2,10,1,1,1,10,840002,1
840071516,4,1,10,1,1,1,10,840005,2
840071517,3,1,8,4,1,1,10,840004,1
840071518,4,1,10,1,5,1,10,840005,2
840071519,2,2,9,1,1,1,10,840005,2
840071520,2,1,10,1,1,3,10,840002,2
840071521,4,1,10,4,5,4,10,840002,2
840071522,3,2,10,1,8,1,10,840002,2
840071523,3,2,10,1,1,1,10,840002,1
840071524,3,1,10,2,3,1,10,840002,2
840071525,3,1,8,1,1,10,10,840006,1
840071526,4,1,9,4,6,1,10,840006,1
840071527,2,1,9,1,1,2,10,840002,2
840071528,3,1,9,3,3,1,10,840005,2
840071529,4,2,5,5,5,1,10,840002,2
840071530,5,3,10,4,2,4,10,840001,2
840071531,2,1,10,1,1,1,10,840002,1
840071532,3,1,10,1,2,2,10,840002,2
840071533,2,2,1,10,10,10,10,840001,1
840071534,3,1,3,1,1,3,10,840006,2
840071535,3,3,6,5,1,1,10,840002,2
840071536,4,3,10,1,1,1,10,840005,2
840071537,3,2,8,5,5,3,10,840002,1
840071538,3,1,6,1,1,1,10,840002,1
840071539,3,2,8,2,-2,-2,-2,840002,2
840071540,4,3,5,7,7,5,-2,840001,1
840071541,3,2,10,1,1,1,-2,840005,1
840071542,3,2,7,2,5,1,-2,840001,1
840071543,4,3,-2,-2,-2,-2,-2,840001,2
840071544,3,3,9,2,-2,-2,-2,840002,1
840071545,-2,2,-2,8,8,8,-2,840002,2
840071546,2,3,6,8,6,5,-2,840001,1
840071547,3,2,1,10,10,1,1,840002,1
840071548,4,2,8,1,1,1,1,840005,2
840071549,4,2,10,10,2,1,1,840002,2
840071550,2,2,10,1,1,1,1,840001,1
840071551,3,3,2,10,1,7,1,840001,1
840071552,3,3,10,-2,9,7,2,840004,1
840071553,2,1,8,3,2,1,2,840002,2
840071554,5,2,3,7,7,10,2,840002,1
840071555,4,3,7,10,10,3,2,840002,2
840071556,2,2,2,8,7,2,2,840001,1
840071557,3,1,2,8,2,8,2,840001,1
840071558,3,2,9,5,6,6,2,840001,1
840071559,2,1,8,8,5,3,2,840002,2
840071560,3,1,5,6,8,10,3,840002,2
840071561,1,3,1,1,1,1,3,840002,1
840071562,3,3,8,3,1,1,3,840001,1
840071563,3,2,5,8,5,3,3,840004,1
840071564,3,1,5,3,5,2,3,840002,2
840071565,4,2,6,10,4,1,3,840002,2
840071566,4,3,3,7,8,3,3,840001,1
840071567,2,2,3,10,8,4,3,840004,1
840071568,2,1,7,3,4,7,3,840002,1
840071569,3,2,4,4,3,3,3,840001,2
840071570,3,2,7,7,5,2,3,840001,1
840071571,3,2,6,9,6,4,3,840005,2
840071572,4,1,5,10,5,4,3,840001,2
840071573,4,1,1,2,4,-2,3,840004,1
840071574,3,3,2,5,2,2,3,840004,1
840071575,4,3,8,8,5,2,3,840005,2
840071576,3,2,6,1,3,3,3,840005,1
840071577,5,3,3,5,1,5,3,840001,1
840071578,4,3,7,3,5,3,3,840002,2
840071579,3,2,3,8,7,2,3,840005,1
840071580,4,3,4,5,6,6,3,840001,2
840071581,1,2,1,3,6,8,3,840006,2
840071582,4,2,6,4,4,4,3,840002,2
840071583,4,2,2,5,1,1,3,840001,1
840071584,2,2,8,5,7,4,3,840002,1
840071585,3,2,8,5,5,5,4,840002,2
840071586,3,2,6,8,7,6,4,840006,1
840071587,3,3,10,3,5,8,4,840001,1
840071588,3,2,4,10,-2,6,4,840001,2
840071589,2,3,6,8,3,7,4,840001,2
840071590,5,2,5,7,5,9,4,840001,2
840071591,2,1,5,6,7,7,4,840001,2
840071592,3,1,6,10,5,7,4,840001,1
840071593,3,2,6,7,6,3,4,840002,2
840071594,4,1,6,6,5,4,4,840002,2
840071595,5,2,4,3,4,1,4,840005,2
840071596,2,1,8,1,2,6,4,840001,2
840071597,3,1,4,5,9,8,4,840001,1
840071598,3,1,5,6,6,5,4,840002,2
840071599,3,2,6,7,7,7,4,840001,2
840071600,4,3,4,10,4,1,4,840005,2
840071601,2,1,8,10,7,6,4,840001,2
840071602,4,2,8,7,3,4,4,840004,1
840071603,4,3,3,3,5,6,4,840004,2
840071604,2,2,4,5,5,8,4,840002,2
840071605,4,2,8,7,2,8,4,840005,2
840071606,3,2,10,10,10,7,4,840001,1
840071607,1,2,6,8,7,7,4,840001,2
840071608,3,1,5,9,6,6,4,840001,2
840071609,3,3,6,9,7,2,4,840001,1
840071610,3,3,8,9,9,3,4,840001,1
840071611,5,2,7,4,1,5,4,840005,1
840071612,3,3,5,9,7,5,4,840001,1
840071613,4,2,5,5,5,3,4,840001,2
840071614,4,3,4,6,4,7,4,840001,1
840071615,3,1,7,5,3,3,4,840002,2
840071616,1,2,5,5,5,5,4,840004,2
840071617,3,3,8,6,8,6,4,840001,1
840071618,2,1,8,8,2,3,4,840002,2
840071619,2,1,4,4,4,4,4,840002,1
840071620,3,1,6,5,8,8,4,840001,2
840071621,3,1,6,9,9,8,4,840002,2
840071622,3,1,5,5,5,5,5,840001,2
840071623,4,2,5,5,5,5,5,840002,2
840071624,4,1,5,5,5,5,5,840001,1
840071625,3,2,5,5,5,5,5,840004,2
840071626,3,1,7,5,5,3,5,840001,2
840071627,4,3,7,7,6,5,5,840002,2
840071628,2,2,4,10,6,5,5,840001,1
840071629,3,3,5,5,5,3,5,840001,2
840071630,5,3,5,7,2,5,5,840001,1
840071631,2,2,7,4,5,7,5,840001,1
840071632,4,1,5,7,6,4,5,840001,1
840071633,2,2,5,4,5,6,5,840001,2
840071634,4,3,5,5,5,8,5,840002,2
840071635,4,2,7,6,4,7,5,840002,2
840071636,3,3,7,5,5,5,5,840001,2
840071637,2,2,9,3,3,8,5,840001,1
840071638,4,1,5,5,5,5,5,840002,2
840071639,4,3,4,10,5,5,5,840002,1
840071640,3,2,8,7,4,5,5,840001,2
840071641,4,2,4,6,5,5,5,840005,2
840071642,3,2,6,4,5,4,5,840005,2
840071643,4,1,5,5,5,5,5,840001,2
840071644,4,2,5,1,1,1,5,840002,1
840071645,2,3,5,5,5,5,5,840001,1
840071646,4,2,7,7,5,5,5,840002,2
840071647,3,2,8,8,5,6,5,840001,2
840071648,3,3,4,6,7,5,5,840002,2
840071649,4,2,7,3,3,2,5,840001,1
840071650,2,1,4,8,10,4,5,840005,2
840071651,3,1,1,10,7,4,5,840001,2
840071652,3,2,3,3,7,3,5,840004,1
840071653,3,1,5,3,3,3,5,840001,2
840071654,3,3,5,5,5,5,5,840001,1
840071655,4,2,10,-2,10,5,5,840001,2
840071656,2,1,9,5,9,5,5,840002,2
840071657,3,2,5,10,7,5,5,840002,2
840071658,4,3,9,4,4,8,5,840001,1
840071659,4,2,1,8,5,5,5,840001,2
840071660,4,3,5,5,5,5,5,840002,2
840071661,-2,3,5,5,5,5,5,840002,1
840071662,4,2,6,5,9,4,5,840002,2
840071663,5,2,8,10,2,3,5,840005,2
840071664,4,2,5,5,5,5,5,840001,1
840071665,5,1,5,5,5,3,5,840002,1
840071666,2,2,5,5,5,5,5,840004,1
840071667,5,3,5,5,5,2,5,840005,1
840071668,2,3,8,5,6,5,5,840001,1
840071669,2,3,7,10,5,1,5,840001,2
840071670,3,3,2,9,5,2,5,840001,1
840071671,3,3,6,4,4,5,5,840001,2
840071672,3,1,10,1,4,3,5,840001,2
840071673,4,2,10,5,7,3,5,840005,1
840071674,4,2,5,8,5,5,5,840001,2
840071675,4,1,7,5,6,3,5,-2,2
840071676,5,2,5,10,10,5,5,840001,2
840071677,4,2,9,7,6,4,5,840005,2
840071678,4,3,5,2,5,5,5,840005,2
840071679,2,3,5,7,3,2,5,840001,1
840071680,2,1,5,10,10,7,5,840001,2
840071681,4,3,8,1,1,5,5,840001,1
840071682,4,3,7,3,8,10,5,840001,2
840071683,3,1,5,10,5,5,5,840001,1
840071684,3,2,3,7,4,8,5,840006,1
840071685,4,3,5,5,5,5,5,840001,2
840071686,3,3,8,4,1,5,5,840001,1
840071687,3,1,5,5,5,5,5,840006,1
840071688,3,1,5,5,5,5,5,840001,2
840071689,2,1,1,1,1,10,5,840002,1
840071690,2,2,5,5,5,5,5,840004,2
840071691,2,1,4,8,10,2,5,840001,2
840071692,3,1,6,5,6,6,5,840001,2
840071693,3,3,5,5,5,5,5,840001,1
840071694,3,3,5,7,5,5,5,840001,2
840071695,2,3,7,5,5,6,5,840001,1
840071696,4,3,2,5,8,3,5,840001,1
840071697,2,1,6,7,6,5,5,840001,2
840071698,3,3,5,5,6,7,5,840002,2
840071699,2,2,5,5,5,5,5,840005,1
840071700,2,2,5,5,5,5,5,840002,2
840071701,2,2,8,8,5,3,5,-2,2
840071702,4,2,5,3,5,5,5,840005,2
840071703,4,2,5,5,5,5,5,840005,2
840071704,2,2,9,6,7,6,5,840002,2
840071705,5,3,2,5,5,5,5,840002,2
840071706,3,2,6,7,6,7,5,840001,2
840071707,5,2,5,5,5,5,5,840001,1
840071708,3,2,6,5,5,5,5,840001,2
840071709,4,2,10,5,4,10,5,840002,1
840071710,5,1,5,1,1,5,5,840002,2
840071711,4,3,6,5,6,1,5,840001,2
840071712,5,3,1,2,9,7,5,840005,1
840071713,3,3,7,6,5,5,5,840002,2
840071714,4,2,8,5,1,2,5,840005,2
840071715,3,2,5,1,5,5,5,840001,1
840071716,4,2,7,8,8,9,5,840001,2
840071717,1,3,5,5,5,5,5,840001,1
840071718,3,3,5,5,5,5,5,840001,1
840071719,2,2,5,4,1,1,5,840002,1
840071720,3,3,2,7,5,7,5,840002,1
840071721,4,2,4,5,5,7,5,840004,2
840071722,3,3,-2,5,4,5,5,840002,2
840071723,4,2,6,5,1,5,5,840004,1
840071724,4,2,9,10,9,7,5,840001,1
840071725,4,3,7,5,5,5,5,840001,1
840071726,5,3,8,5,5,7,5,840001,2
840071727,3,2,8,10,9,1,5,840001,1
840071728,3,2,3,5,5,8,5,840001,2
840071729,5,2,5,5,7,7,5,840002,2
840071730,4,1,2,10,6,6,5,840004,1
840071731,3,3,7,7,5,6,5,840005,2
840071732,5,3,3,10,10,7,5,840001,2
840071733,4,2,6,5,3,5,5,840001,2
840071734,5,2,5,5,5,5,5,840001,2
840071735,4,3,5,5,5,5,5,840001,1
840071736,3,2,5,5,5,3,5,840002,2
840071737,3,2,5,5,5,5,5,840005,2
840071738,2,3,7,3,5,5,5,840001,2
840071739,5,2,6,8,6,4,5,840001,1
840071740,5,2,5,5,5,5,5,840005,1
840071741,3,2,4,6,8,6,5,840004,2
840071742,3,1,3,4,10,5,5,840001,2
840071743,3,3,8,4,2,5,5,840001,1
840071744,3,3,6,8,8,3,5,840001,2
840071745,4,2,5,5,5,5,5,840001,1
840071746,1,1,6,6,5,6,5,840005,1
840071747,2,3,10,10,10,8,5,840002,2
840071748,5,3,5,5,5,5,5,840002,2
840071749,4,2,5,6,6,5,5,840005,1
840071750,4,1,5,8,5,5,5,840005,2
840071751,4,2,7,6,6,4,5,840002,1
840071752,4,1,6,10,10,6,5,840004,2
840071753,3,1,9,8,5,10,5,840001,1
840071754,3,2,5,5,5,5,5,840002,2
840071755,2,2,8,5,5,2,5,840002,2
840071756,4,3,5,5,5,10,5,840005,2
840071757,5,3,5,3,10,5,5,840002,2
840071758,-2,2,8,5,5,3,5,840002,2
840071759,2,2,5,5,5,5,5,840002,2
840071760,3,1,7,1,5,5,5,840005,2
840071761,3,1,8,10,6,1,5,840001,2
840071762,1,2,5,5,5,5,5,840001,1
840071763,2,2,7,5,7,3,5,840002,2
840071764,3,2,6,5,6,6,5,840002,2
840071765,4,3,10,1,1,1,5,840002,2
840071766,3,2,4,8,3,4,5,840001,1
840071767,2,3,6,6,5,6,5,840001,1
840071768,3,3,3,6,3,2,5,840001,2
840071769,3,3,6,2,5,4,5,840001,2
840071770,4,1,8,5,6,4,5,840001,2
840071771,4,2,6,6,5,5,5,840002,2
840071772,5,2,7,2,5,5,5,840002,1
840071773,3,1,5,5,5,5,5,840001,2
840071774,3,2,7,7,4,4,5,840004,2
840071775,4,2,10,6,5,3,5,840002,2
840071776,2,1,6,9,7,5,5,840002,2
840071777,4,1,5,5,2,2,5,840002,1
840071778,2,2,5,5,5,6,5,840001,2
840071779,4,2,10,10,10,1,5,840005,1
840071780,3,3,6,8,6,6,6,840002,2
840071781,4,3,5,4,8,4,6,840002,1
840071782,3,1,5,5,5,4,6,840005,2
840071783,2,2,6,1,1,1,6,840002,1
840071784,3,3,4,10,10,3,6,-2,1
840071785,4,3,5,2,1,1,6,840002,1
840071786,3,3,-2,3,4,3,6,840002,1
840071787,2,3,6,2,5,5,6,840005,1
840071788,3,3,7,7,5,6,6,840002,1
840071789,2,3,8,6,7,2,6,840001,2
840071790,3,2,8,8,5,4,6,840002,1
840071791,2,2,10,1,9,4,6,840002,1
840071792,2,2,5,7,5,5,6,840001,2
840071793,-2,1,7,8,4,4,6,840001,1
840071794,3,1,8,5,8,6,6,840001,2
840071795,5,2,7,7,8,7,6,840001,1
840071796,4,1,10,3,7,7,6,840002,1
840071797,4,1,6,5,4,4,6,840005,1
840071798,3,2,10,4,3,3,6,840002,1
840071799,2,2,7,5,7,6,6,840001,2
840071800,3,2,9,4,5,4,6,840001,2
840071801,2,2,6,6,6,6,6,840002,1
840071802,4,1,8,8,8,5,6,840002,2
840071803,3,1,7,5,4,1,6,840002,2
840071804,4,1,4,10,4,5,6,840001,2
840071805,3,1,6,4,7,6,6,840002,2
840071806,4,1,5,5,5,4,6,840005,1
840071807,2,2,7,6,4,4,6,-2,1
840071808,2,2,7,5,3,6,6,840002,1
840071809,4,3,8,8,5,8,6,840005,2
840071810,5,3,7,1,4,6,6,840002,1
840071811,3,2,5,6,4,4,6,840005,2
840071812,4,1,5,6,6,3,6,-2,2
840071813,2,2,7,8,5,7,6,840001,1
840071814,4,3,2,2,7,2,6,840005,1
840071815,4,3,5,5,5,5,6,840004,1
840071816,2,1,8,7,6,3,6,840002,1
840071817,3,2,8,8,7,7,6,840002,1
840071818,3,3,7,8,9,7,6,840001,1
840071819,2,1,5,6,5,6,6,840002,2
840071820,2,3,8,6,4,8,6,840005,1
840071821,5,1,5,5,6,7,6,840002,2
840071822,2,3,7,5,5,4,6,840005,1
840071823,3,1,6,6,6,6,6,840002,2
840071824,3,3,5,8,-1,4,6,840001,1
840071825,5,3,6,6,7,6,6,840005,2
840071826,4,2,7,1,1,6,6,840005,1
840071827,2,3,6,10,8,8,6,840001,2
840071828,2,3,9,1,5,5,6,840005,2
840071829,2,3,7,10,7,8,6,840001,2
840071830,2,2,6,6,6,6,6,840001,1
840071831,3,3,6,4,5,7,6,840002,2
840071832,5,3,6,3,3,6,6,840001,2
840071833,4,3,5,4,4,5,6,840002,2
840071834,2,1,7,3,1,1,6,840004,2
840071835,2,3,6,8,5,5,6,840001,1
840071836,4,3,1,5,5,5,6,840002,2
840071837,3,3,5,10,5,4,6,840001,1
840071838,2,1,7,5,2,3,6,840006,1
840071839,4,2,6,3,4,1,6,840005,1
840071840,2,3,5,9,2,2,6,840001,1
840071841,2,3,6,5,3,5,6,840001,2
840071842,2,3,6,4,6,3,6,840001,1
840071843,4,3,5,2,5,2,6,840001,1
840071844,3,2,6,5,9,3,6,840001,1
840071845,-2,3,5,10,10,1,6,840001,1
840071846,3,3,9,1,1,1,6,840001,1
840071847,3,1,7,8,7,5,6,840002,2
840071848,5,2,5,10,6,3,6,840002,2
840071849,2,1,6,5,6,7,6,840002,1
840071850,4,1,7,1,3,2,6,840002,1
840071851,3,2,8,6,4,4,6,840002,2
840071852,2,2,5,8,8,4,6,840001,2
840071853,2,1,5,7,6,5,6,840002,2
840071854,3,1,7,10,9,7,6,840005,1
840071855,2,2,7,10,5,3,6,840002,2
840071856,4,2,8,5,1,3,6,840002,2
840071857,3,2,6,4,10,2,6,840005,2
840071858,3,3,8,8,8,8,6,840001,2
840071859,3,2,8,8,5,3,6,840002,2
840071860,3,2,3,7,5,7,6,840002,1
840071861,5,3,10,10,6,4,7,840002,1
840071862,4,1,10,7,4,9,7,840001,2
840071863,3,3,4,7,3,8,7,840001,1
840071864,4,3,7,6,5,6,7,840001,1
840071865,1,2,4,7,5,5,7,840002,2
840071866,2,2,5,5,8,5,7,840001,2
840071867,4,2,9,9,3,8,7,840004,2
840071868,2,2,8,3,3,4,7,840001,1
840071869,3,2,7,9,5,4,7,840001,1
840071870,2,1,5,7,6,7,7,840001,2
840071871,3,2,8,5,7,2,7,840001,1
840071872,3,2,8,6,5,3,7,840002,1
840071873,3,2,4,1,1,4,7,840002,2
840071874,2,1,4,7,4,3,7,840002,1
840071875,5,2,9,5,6,3,7,840002,1
840071876,2,2,8,1,2,1,7,840006,1
840071877,3,3,4,7,5,5,7,840004,1
840071878,3,1,8,5,4,5,7,840002,2
840071879,2,3,7,5,1,6,7,840001,1
840071880,3,2,6,10,6,3,7,840005,2
840071881,3,1,4,2,4,1,7,840001,2
840071882,3,1,9,2,5,3,7,840004,2
840071883,4,2,4,5,4,4,7,840001,2
840071884,3,2,6,4,3,5,7,840002,2
840071885,4,3,7,5,6,4,7,840002,1
840071886,4,2,6,6,6,4,7,840002,2
840071887,4,1,9,3,3,2,7,840002,2
840071888,2,2,8,6,6,2,7,840005,1
840071889,3,2,4,9,8,3,7,840001,2
840071890,3,2,7,7,8,1,7,840002,1
840071891,3,3,5,9,7,3,7,840001,2
840071892,4,2,10,10,5,3,7,840002,2
840071893,3,3,7,7,5,7,7,840005,2
840071894,5,2,5,1,1,6,7,840001,2
840071895,2,1,7,5,4,8,7,840002,2
840071896,3,1,7,7,3,4,7,840001,1
840071897,3,2,8,8,6,1,7,840005,1
840071898,4,2,6,3,5,8,7,840001,1
840071899,3,2,6,7,4,6,7,840001,1
840071900,3,1,10,4,3,2,7,840005,1
840071901,2,1,7,7,6,6,7,840001,2
840071902,2,2,9,3,3,5,7,840001,1
840071903,5,2,5,5,5,5,7,840001,2
840071904,1,3,6,6,4,6,7,840001,2
840071905,3,3,8,2,-2,3,7,840001,1
840071906,2,3,8,5,5,7,7,840001,2
840071907,2,2,4,3,1,1,7,840005,1
840071908,3,3,4,4,6,6,7,840004,1
840071909,3,2,7,1,3,8,7,840002,1
840071910,3,1,7,5,5,5,7,840002,2
840071911,-2,1,9,6,4,8,7,840005,2
840071912,3,2,6,8,3,4,7,840004,1
840071913,4,3,7,5,4,5,7,840002,2
840071914,3,1,5,3,2,1,7,840001,2
840071915,2,2,3,10,9,6,7,840004,1
840071916,4,2,3,8,6,6,7,840002,1
840071917,3,3,7,6,5,5,7,840001,1
840071918,2,2,8,6,7,3,7,-2,2
840071919,3,3,7,8,5,3,7,840001,1
840071920,2,3,9,7,9,4,7,840001,2
840071921,2,1,7,5,5,8,7,840001,2
840071922,3,1,5,1,5,1,7,840001,1
840071923,3,3,7,8,5,3,7,840001,1
840071924,2,1,5,5,7,5,7,840001,1
840071925,4,3,9,7,8,3,7,840001,2
840071926,3,2,10,8,7,2,7,840002,2
840071927,-2,2,7,7,5,8,7,840001,1
840071928,3,2,9,1,2,2,7,840002,2
840071929,4,3,5,10,5,1,7,840005,2
840071930,4,2,6,5,5,6,7,840005,1
840071931,2,3,5,3,1,2,7,840002,2
840071932,3,1,10,1,1,1,7,840002,2
840071933,3,2,8,3,2,2,7,840005,1
840071934,4,2,4,5,7,7,7,840005,2
840071935,5,2,8,1,1,2,7,840002,2
840071936,4,3,8,9,5,8,7,-2,2
840071937,5,2,7,8,5,6,7,840002,2
840071938,3,1,7,3,5,3,7,840001,2
840071939,3,3,4,9,7,6,7,840001,2
840071940,2,2,7,3,5,4,7,-2,1
840071941,4,3,6,5,5,5,7,840005,2
840071942,5,3,8,6,5,7,7,840001,1
840071943,2,2,8,8,7,7,7,840002,1
840071944,3,1,7,6,7,4,7,840005,2
840071945,4,1,6,10,5,7,7,840001,1
840071946,3,3,10,3,3,3,7,840001,1
840071947,4,1,8,6,5,5,7,840001,2
840071948,3,1,8,6,7,1,7,840001,2
840071949,4,2,6,1,2,4,7,840001,1
840071950,4,2,8,10,7,6,7,840002,2
840071951,3,3,8,7,6,9,7,840005,2
840071952,4,2,1,1,1,1,7,840002,1
840071953,2,2,7,8,7,7,7,840005,2
840071954,2,2,8,2,3,2,7,840002,2
840071955,2,2,5,8,6,4,7,840004,1
840071956,4,2,8,9,4,3,7,840002,2
840071957,3,2,7,6,5,8,7,840001,2
840071958,2,1,8,5,5,3,7,840002,2
840071959,2,3,5,5,7,7,7,840001,2
840071960,3,2,8,1,5,4,7,840002,2
840071961,3,2,7,1,5,3,7,840001,2
840071962,4,2,7,7,7,4,7,840001,1
840071963,5,3,1,9,8,10,7,840005,2
840071964,2,2,7,5,7,5,7,840001,1
840071965,2,3,10,6,6,6,7,840002,2
840071966,3,2,3,7,7,9,7,840001,2
840071967,1,1,6,5,7,6,7,840001,1
840071968,4,2,5,1,3,2,7,840001,2
840071969,4,3,6,6,5,5,7,840001,1
840071970,4,1,8,4,5,4,7,840005,2
840071971,1,2,7,7,7,7,7,840001,1
840071972,2,1,8,5,4,1,7,840001,2
840071973,4,2,8,10,5,3,7,840005,1
840071974,4,1,7,3,3,3,7,840002,2
840071975,4,3,4,6,2,2,7,840001,1
840071976,3,2,8,5,5,4,7,-2,2
840071977,4,3,7,8,7,4,7,840001,1
840071978,4,2,6,5,5,5,7,840004,1
840071979,2,2,9,5,5,3,7,840005,2
840071980,3,3,7,4,5,3,7,840002,1
840071981,3,2,7,5,8,3,7,840001,2
840071982,3,2,4,7,5,2,7,840002,1
840071983,4,2,6,4,5,4,7,840001,2
840071984,4,2,7,4,8,2,7,840002,1
840071985,4,2,4,3,7,2,7,840001,2
840071986,2,2,6,8,7,7,7,840001,1
840071987,2,3,5,5,6,5,7,840001,1
840071988,2,3,7,6,1,1,7,840001,1
840071989,4,3,10,1,1,3,7,840005,2
840071990,4,2,8,5,5,4,7,840001,1
840071991,3,2,7,4,1,3,7,840001,2
840071992,3,3,3,8,6,5,7,840002,1
840071993,5,2,10,3,3,2,7,840002,1
840071994,2,2,8,8,6,5,7,840002,2
840071995,4,1,6,7,4,4,7,840001,2
840071996,3,2,7,6,6,5,7,840002,1
840071997,4,2,7,10,1,1,7,840002,1
840071998,4,3,10,7,7,6,7,840001,1
840071999,2,3,8,7,3,9,7,840001,2
840072000,3,2,8,1,1,1,7,840006,1
840072001,2,3,10,8,8,4,7,840001,2
840072002,4,1,5,4,3,4,7,840005,2
840072003,4,1,8,4,1,2,7,-2,1
840072004,2,1,8,5,7,3,7,840001,1
840072005,4,3,8,5,4,6,7,840005,2
840072006,2,2,5,1,3,1,7,-2,1
840072007,3,2,5,3,1,9,7,840002,1
840072008,3,1,6,5,5,6,7,840002,2
840072009,2,2,9,7,6,5,7,840001,2
840072010,4,2,7,5,5,5,7,840002,2
840072011,4,1,4,4,3,3,7,840002,2
840072012,3,2,6,10,3,1,7,840001,1
840072013,3,1,6,6,5,5,7,840002,2
840072014,4,1,6,6,6,2,7,840002,1
840072015,3,1,7,7,5,4,7,840002,2
840072016,3,2,10,8,10,1,7,840002,2
840072017,3,1,8,8,7,5,7,840001,2
840072018,4,1,6,6,4,2,7,840002,2
840072019,2,3,7,4,4,6,7,840004,2
840072020,4,2,5,5,5,2,7,840002,2
840072021,2,2,8,-2,4,7,7,840002,2
840072022,4,3,7,5,4,2,7,840001,1
840072023,3,1,6,6,3,4,7,840002,2
840072024,2,2,7,5,5,4,7,840002,1
840072025,2,2,6,5,5,1,7,840001,1
840072026,2,2,6,10,10,1,7,840005,1
840072027,3,1,8,4,6,3,8,840002,2
840072028,3,1,9,3,1,3,8,840002,2
840072029,2,1,8,1,1,10,8,840004,2
840072030,2,3,7,5,5,2,8,840001,1
840072031,4,3,8,7,5,4,8,-2,2
840072032,3,1,8,4,3,3,8,840004,1
840072033,3,3,8,6,5,4,8,840002,2
840072034,4,1,8,1,5,1,8,840001,2
840072035,3,3,9,4,5,6,8,840002,1
840072036,4,2,6,1,1,1,8,-2,1
840072037,4,2,10,4,8,6,8,840006,1
840072038,3,1,-2,4,3,4,8,840002,1
840072039,3,3,5,5,5,5,8,-2,1
840072040,3,2,4,2,2,2,8,840002,2
840072041,2,3,5,5,3,3,8,840004,1
840072042,2,3,9,7,3,1,8,840002,1
840072043,4,3,9,10,7,1,8,840001,1
840072044,3,3,10,2,1,4,8,840002,1
840072045,4,2,8,5,5,3,8,840004,2
840072046,3,3,6,3,4,5,8,840002,1
840072047,2,3,8,7,2,2,8,840001,1
840072048,4,2,7,8,7,4,8,840001,2
840072049,4,3,8,5,5,2,8,840001,1
840072050,4,3,6,1,1,6,8,840002,1
840072051,2,3,7,5,5,3,8,840005,1
840072052,4,3,8,5,4,3,8,840001,1
840072053,3,2,1,4,5,3,8,840004,2
840072054,4,2,5,10,10,9,8,840001,1
840072055,3,2,6,4,3,3,8,840002,1
840072056,3,3,8,8,2,1,8,840001,1
840072057,1,3,2,3,-2,-2,8,840005,1
840072058,2,3,5,7,5,5,8,840001,2
840072059,2,3,8,8,8,8,8,840001,1
840072060,3,2,8,2,2,1,8,840002,2
840072061,3,3,5,10,8,2,8,840001,1
840072062,3,1,9,5,4,5,8,840002,2
840072063,5,2,8,8,6,5,8,840005,2
840072064,3,3,8,7,7,9,8,840002,2
840072065,2,3,8,3,2,2,8,840004,1
840072066,4,3,7,6,6,7,8,840001,1
840072067,2,2,7,5,5,5,8,840001,2
840072068,2,2,7,4,7,4,8,840002,2
840072069,3,1,8,1,6,2,8,840002,1
840072070,3,1,8,8,6,1,8,840001,1
840072071,3,3,6,5,5,4,8,840005,2
840072072,3,2,7,1,1,1,8,840006,2
840072073,4,1,8,4,4,3,8,840004,2
840072074,2,2,8,2,2,2,8,840005,2
840072075,3,1,8,4,3,2,8,840001,2
840072076,2,2,4,3,3,7,8,840002,1
840072077,2,1,8,7,5,6,8,840001,2
840072078,4,3,6,5,5,3,8,840005,2
840072079,3,2,7,3,1,4,8,840001,1
840072080,3,2,8,1,1,5,8,840002,2
840072081,3,1,8,1,3,3,8,840002,1
840072082,4,2,7,5,1,4,8,840004,2
840072083,2,2,4,5,3,4,8,840002,1
840072084,3,1,5,3,3,3,8,840002,1
840072085,2,2,9,7,3,5,8,840004,1
840072086,4,2,7,7,5,1,8,840002,1
840072087,3,2,8,3,3,7,8,840002,1
840072088,4,1,10,10,4,9,8,840004,1
840072089,2,3,6,5,5,2,8,840001,1
840072090,3,1,8,5,4,3,8,840002,2
840072091,2,2,3,10,3,1,8,840004,1
840072092,2,1,10,1,6,1,8,840002,1
840072093,3,2,6,5,5,3,8,840004,1
840072094,4,2,7,8,7,4,8,840005,2
840072095,3,2,8,9,1,2,8,840001,2
840072096,4,2,6,4,9,7,8,840001,2
840072097,3,1,6,10,2,2,8,840002,2
840072098,3,2,8,6,3,4,8,840002,2
840072099,2,3,8,8,2,6,8,840002,1
840072100,3,3,8,4,3,4,8,-2,1
840072101,3,3,8,6,3,9,8,840001,1
840072102,3,1,8,2,3,1,8,840002,2
840072103,3,3,5,3,3,4,8,840001,1
840072104,2,2,7,5,7,1,8,840001,2
840072105,4,2,5,3,4,3,8,840005,1
840072106,4,3,8,5,3,3,8,840001,1
840072107,2,2,8,8,8,3,8,840001,1
840072108,2,2,10,10,7,1,8,840001,2
840072109,4,3,7,5,7,8,8,840001,2
840072110,2,3,10,10,5,5,8,840001,1
840072111,3,3,7,1,2,1,8,840001,1
840072112,3,3,7,2,3,3,8,840002,1
840072113,4,3,6,4,5,3,8,840002,2
840072114,2,3,3,1,2,1,8,840001,1
840072115,2,3,5,7,7,1,8,840001,1
840072116,3,2,3,7,7,8,8,840001,1
840072117,3,2,8,1,1,1,8,840002,2
840072118,2,2,8,5,1,1,8,840002,2
840072119,4,2,7,1,6,6,8,840001,1
840072120,4,1,7,10,8,4,8,840001,2
840072121,3,2,6,9,5,3,8,840002,1
840072122,3,2,6,4,3,1,8,840005,2
840072123,3,3,7,6,6,7,8,840002,1
840072124,4,2,7,2,2,2,8,840006,2
840072125,3,2,6,6,5,5,8,840005,2
840072126,4,2,8,5,6,4,8,840005,2
840072127,4,3,7,8,2,4,8,840002,2
840072128,2,2,7,2,3,2,8,840001,1
840072129,3,3,7,8,7,8,8,840001,1
840072130,2,3,5,7,5,3,8,840001,1
840072131,3,2,5,4,5,4,8,840001,1
840072132,2,2,9,8,10,1,8,840001,2
840072133,5,3,7,3,5,7,8,840002,1
840072134,2,3,7,5,2,5,8,840002,1
840072135,4,1,8,4,4,3,8,840004,1
840072136,3,3,8,2,2,4,8,840002,1
840072137,5,3,5,9,9,3,8,840002,1
840072138,2,2,6,5,8,8,8,840001,1
840072139,3,2,7,6,5,2,8,840002,1
840072140,3,2,8,6,3,3,8,840001,2
840072141,2,1,8,8,8,8,8,840005,1
840072142,3,3,8,8,4,6,8,840002,1
840072143,5,3,8,5,5,6,8,840005,2
840072144,4,3,5,8,6,3,8,840001,1
840072145,2,3,8,6,4,4,8,-2,1
840072146,3,3,5,7,7,5,8,840001,2
840072147,3,3,4,3,3,4,8,840002,2
840072148,3,2,8,2,2,1,8,840002,1
840072149,2,3,10,1,2,3,8,840001,1
840072150,3,2,7,3,3,2,8,840002,1
840072151,2,3,7,8,6,7,8,840002,1
840072152,5,3,7,7,5,4,8,840005,1
840072153,3,3,8,1,5,5,8,840001,1
840072154,4,3,7,8,1,10,8,840001,1
840072155,3,2,8,7,5,1,8,840002,2
840072156,2,2,7,3,3,1,8,840001,1
840072157,3,1,8,4,3,4,8,840002,2
840072158,4,3,1,4,2,2,8,840002,2
840072159,3,2,9,3,1,1,8,840002,2
840072160,2,3,9,9,7,3,8,840002,1
840072161,5,2,7,5,5,5,8,840002,1
840072162,4,1,6,5,4,5,8,840001,1
840072163,4,3,4,6,7,1,8,840002,1
840072164,4,3,7,5,4,3,8,840001,1
840072165,2,2,5,3,3,1,8,840001,1
840072166,4,2,8,2,3,2,8,840005,1
840072167,4,2,8,3,2,2,8,840001,1
840072168,4,3,7,5,5,5,8,840001,1
840072169,5,1,7,1,3,6,8,840002,2
840072170,2,3,6,2,3,3,8,840002,1
840072171,3,3,8,1,1,1,8,840002,1
840072172,2,3,7,7,6,5,8,840001,1
840072173,3,2,8,2,4,2,8,840004,1
840072174,2,2,7,3,1,1,8,840001,1
840072175,2,2,8,5,5,2,8,840001,2
840072176,3,3,9,9,5,2,8,840001,1
840072177,4,2,7,4,3,4,8,840005,2
840072178,3,3,6,5,5,6,8,840002,1
840072179,4,2,8,1,1,1,8,840001,1
840072180,3,2,5,6,1,1,8,840004,2
840072181,3,2,5,5,3,4,8,840001,1
840072182,3,2,8,5,3,8,8,840002,1
840072183,4,3,8,3,8,4,8,840001,1
840072184,2,2,9,4,1,1,8,840002,1
840072185,3,3,10,10,8,5,8,840002,1
840072186,5,2,8,-2,7,5,8,840001,1
840072187,4,3,5,10,10,8,8,840001,1
840072188,3,3,5,8,7,2,8,840002,1
840072189,3,3,8,8,5,2,8,840001,2
840072190,4,2,8,4,6,3,8,840001,2
840072191,4,2,5,8,7,7,8,840002,2
840072192,4,1,6,4,5,1,8,840004,2
840072193,3,3,9,9,9,1,8,840005,1
840072194,2,1,8,6,8,7,8,840006,2
840072195,4,3,10,5,5,1,8,840002,1
840072196,5,1,5,4,1,1,8,840002,1
840072197,3,2,8,5,7,3,8,840001,1
840072198,4,2,8,3,3,3,8,840002,2
840072199,4,1,8,5,1,1,8,840005,2
840072200,2,2,6,2,1,1,8,840002,2
840072201,4,1,7,3,4,4,8,840002,2
840072202,3,2,10,1,1,10,8,840002,1
840072203,1,3,9,9,4,9,8,840002,1
840072204,4,2,7,7,6,3,8,840002,1
840072205,3,1,7,9,6,8,8,-2,2
840072206,4,3,5,9,7,6,8,840001,1
840072207,3,2,7,7,5,5,8,840001,2
840072208,3,2,5,5,6,2,8,840005,2
840072209,3,2,8,1,2,2,8,840005,2
840072210,3,2,7,5,4,4,8,840002,2
840072211,3,3,7,10,3,2,8,840005,2
840072212,4,3,3,5,2,3,8,840002,1
840072213,3,3,8,7,1,1,8,840002,1
840072214,3,2,8,9,3,2,8,840001,1
840072215,2,3,7,7,6,7,8,840002,1
840072216,3,3,9,7,2,2,8,840002,2
840072217,3,3,6,7,4,4,8,840002,2
840072218,3,3,7,6,7,7,9,840001,1
840072219,4,3,10,4,9,2,9,840001,1
840072220,3,3,9,1,3,1,9,840002,1
840072221,4,1,10,1,1,3,9,840004,2
840072222,2,2,10,1,1,1,9,840002,1
840072223,3,3,6,7,6,7,9,840001,2
840072224,4,2,10,1,1,9,9,840005,2
840072225,3,2,8,5,3,1,9,840002,2
840072226,3,3,8,3,3,1,9,840002,2
840072227,4,2,8,7,4,3,9,840002,1
840072228,3,3,10,5,5,5,9,840002,1
840072229,3,3,8,5,5,5,9,840002,2
840072230,4,2,9,1,1,1,9,840002,2
840072231,3,1,9,7,4,4,9,840001,2
840072232,4,3,5,5,5,5,9,840001,2
840072233,3,2,10,5,5,8,9,840005,2
840072234,3,2,9,1,4,1,9,840002,2
840072235,4,2,9,2,3,3,9,840002,2
840072236,4,3,9,2,2,2,9,840001,1
840072237,3,3,7,8,8,4,9,840001,1
840072238,2,1,9,4,6,8,9,840002,2
840072239,3,1,9,2,7,2,9,840002,2
840072240,3,2,8,1,4,3,9,840002,1
840072241,4,2,5,6,7,1,9,840004,1
840072242,4,2,8,6,1,2,9,840002,2
840072243,3,2,9,1,1,1,9,840002,1
840072244,4,2,8,6,8,3,9,840001,1
840072245,3,2,10,1,1,1,9,840002,1
840072246,3,2,2,1,3,3,9,840002,2
840072247,2,3,8,2,2,7,9,840002,1
840072248,3,1,7,4,6,1,9,840002,2
840072249,2,2,6,2,2,1,9,840002,1
840072250,4,2,3,1,1,3,9,840002,1
840072251,3,2,10,6,7,2,9,840002,2
840072252,3,3,8,2,2,2,9,840005,1
840072253,3,3,9,6,2,10,9,840001,2
840072254,4,1,9,1,2,6,9,840005,1
840072255,2,2,8,1,1,4,9,840002,2
840072256,3,3,2,5,2,7,9,840001,1
840072257,2,2,8,8,3,7,9,840001,1
840072258,3,1,8,1,2,4,9,840002,2
840072259,3,1,8,3,5,1,9,840002,2
840072260,1,2,-2,3,2,2,9,840004,1
840072261,3,2,8,8,6,5,9,840001,1
840072262,2,3,10,1,1,1,9,840002,1
840072263,3,2,5,5,3,1,9,840001,2
840072264,3,1,9,4,3,3,9,840002,2
840072265,2,2,7,1,5,1,9,840002,1
840072266,3,1,10,4,2,2,9,840001,2
840072267,3,2,6,2,4,10,9,840002,2
840072268,4,3,8,10,7,8,9,840005,1
840072269,2,2,3,8,3,1,9,840002,1
840072270,3,2,8,3,3,2,9,840001,1
840072271,2,2,6,2,1,8,9,840002,1
840072272,5,2,7,6,8,2,9,840001,1
840072273,2,2,9,2,2,4,9,840002,1
840072274,3,1,8,4,3,3,9,840001,1
840072275,3,1,8,5,4,1,9,840001,1
840072276,4,3,9,2,6,7,9,840001,1
840072277,3,2,8,3,2,3,9,840001,1
840072278,5,2,10,3,2,5,9,840002,2
840072279,2,2,8,6,8,5,9,840002,2
840072280,5,2,8,3,3,3,9,840002,1
840072281,3,3,9,4,6,2,9,840001,1
840072282,4,1,7,1,6,1,9,840005,1
840072283,4,2,10,3,3,4,9,840001,1
840072284,2,3,7,6,5,4,9,840001,1
840072285,3,2,9,1,7,9,9,840002,2
840072286,2,3,8,2,2,2,9,840001,1
840072287,3,2,7,3,2,1,9,840002,1
840072288,3,3,2,1,3,2,9,840002,1
840072289,2,3,9,2,2,2,9,840002,2
840072290,3,2,10,1,5,3,9,840002,2
840072291,2,1,7,1,1,1,9,840006,1
840072292,3,3,9,10,2,9,9,840005,1
840072293,2,2,8,5,8,7,9,840001,2
840072294,3,3,2,5,3,8,9,840004,2
840072295,4,3,8,5,2,7,9,840001,1
840072296,3,3,9,3,4,3,9,840002,2
840072297,3,3,8,1,1,1,9,840002,1
840072298,3,2,7,4,3,3,9,840002,2
840072299,3,2,8,9,10,4,9,-2,1
840072300,4,1,8,2,2,1,9,840002,1
840072301,2,3,9,8,1,2,9,840002,2
840072302,2,3,9,5,4,2,9,840002,1
840072303,3,1,7,4,5,1,9,840001,1
840072304,3,2,4,7,3,8,9,840002,2
840072305,4,1,8,1,7,7,9,840002,2
840072306,5,3,7,8,1,3,9,840001,1
840072307,5,1,9,7,5,3,9,840002,1
840072308,2,3,10,6,10,1,9,840001,2
840072309,4,2,10,2,2,2,9,840001,1
840072310,3,2,9,5,2,1,9,840002,2
840072311,2,1,5,6,5,2,9,840002,2
840072312,2,3,7,2,2,2,9,840002,2
840072313,5,2,10,10,9,8,9,840001,1
840072314,4,2,5,4,3,3,9,840001,2
840072315,5,3,8,8,8,8,10,840002,2
840072316,2,3,8,1,1,1,10,840002,1
840072317,3,1,9,10,10,10,10,840006,1
840072318,2,3,5,3,2,1,10,840001,1
840072319,4,1,10,10,10,10,10,840001,1
840072320,2,3,10,8,1,1,10,840002,1
840072321,4,2,8,4,1,1,10,840002,2
840072322,3,3,6,1,1,1,10,-2,1
840072323,3,2,10,8,1,5,10,840001,2
840072324,4,2,10,1,1,1,10,840002,1
840072325,5,2,10,1,3,1,10,840002,2
840072326,2,2,10,2,3,10,10,840002,2
840072327,2,1,5,1,5,1,10,840002,1
840072328,3,2,8,1,1,1,10,840002,2
840072329,4,3,10,1,1,1,10,840001,2
840072330,2,3,8,4,3,1,10,840001,1
840072331,2,1,10,3,1,1,10,840002,1
840072332,2,3,9,3,1,10,10,840005,1
840072333,2,1,8,3,3,1,10,840002,2
840072334,3,2,8,1,1,1,10,840004,1
840072335,4,3,8,3,1,3,10,840002,1
840072336,2,3,6,3,7,1,10,840001,1
840072337,4,3,5,5,5,1,10,840001,1
840072338,4,3,6,1,1,10,10,840002,2
840072339,2,3,8,4,2,2,10,840001,2
840072340,3,2,8,2,2,8,10,840001,1
840072341,2,2,10,1,1,1,10,840002,2
840072342,3,2,10,1,1,1,10,840002,1
840072343,3,3,7,7,1,5,10,840001,1
840072344,3,2,7,3,1,3,10,840002,1
840072345,4,1,9,1,1,1,10,840002,1
840072346,2,3,10,10,1,5,10,840002,1
840072347,5,2,10,1,6,2,10,840005,1
840072348,2,3,10,3,10,4,10,840001,1
840072349,3,2,10,1,1,10,10,840004,1
840072350,5,2,8,1,1,2,10,840002,1
840072351,5,2,10,7,5,1,10,840002,2
840072352,2,2,10,4,5,4,10,840001,2
840072353,3,3,10,1,1,1,10,840001,1
840072354,2,3,8,3,3,2,10,840001,1
840072355,4,2,10,1,1,1,10,840002,1
840072356,2,1,10,1,1,1,10,840002,2
840072357,2,1,1,10,2,1,10,840001,1
840072358,4,3,9,7,5,5,10,840002,1
840072359,2,1,10,2,2,1,10,840002,2
840072360,2,3,9,1,4,4,10,840001,2
840072361,3,1,10,6,1,1,10,840001,2
840072362,2,2,9,1,1,1,10,840005,2
840072363,3,2,1,1,1,1,10,840002,1
840072364,2,1,10,7,1,1,10,840001,1
840072365,4,3,10,5,7,5,10,840002,2
840072366,3,1,10,8,1,2,10,840005,2
840072367,3,2,8,2,3,1,10,840002,1
840072368,4,2,7,6,10,4,10,840001,2
840072369,2,2,10,1,1,1,10,840001,1
840072370,4,3,1,5,5,3,10,840001,1
840072371,4,2,10,9,6,1,10,840001,2
840072372,2,3,9,2,1,1,10,-2,1
840072373,2,3,10,10,1,9,10,840005,2
840072374,4,1,10,1,1,8,10,840002,2
840072375,5,2,2,1,3,10,10,840002,1
840072376,3,1,6,1,1,1,10,840002,1
840072377,3,1,10,1,1,1,10,840002,2
840072378,4,3,9,2,1,3,10,840002,1
840072379,3,2,6,3,1,1,10,840002,1
840072380,1,1,10,1,1,1,10,840002,2
840072381,2,3,10,10,10,1,10,840001,1
840072382,2,1,10,1,1,1,10,840002,1
840072383,3,1,10,1,1,1,10,840002,2
840072384,3,1,10,1,1,10,10,840002,1
840072385,4,1,8,5,7,5,10,840001,2
840072386,4,1,10,1,2,1,10,840002,2
840072387,2,2,10,1,1,1,10,840002,2
840072388,3,3,10,5,5,5,10,840001,1
840072389,4,2,9,1,3,2,10,-2,1
840072390,2,1,9,1,5,2,10,840005,2
840072391,2,3,9,5,5,1,10,840001,1
840072392,2,1,10,1,1,2,10,840002,2
840072393,3,2,7,7,6,6,10,840002,1
840072394,2,2,10,4,1,3,10,840001,1
840072395,3,2,10,1,1,1,10,840002,2
840072396,3,1,3,7,3,3,10,840002,2
840072397,3,3,10,1,1,1,10,840002,1
840072398,3,2,4,1,1,1,10,840005,1
840072399,2,1,8,1,1,1,10,840002,2
840072400,2,2,10,1,1,1,10,840002,1
840072401,3,3,10,8,10,9,10,840001,1
840072402,4,2,10,1,1,1,10,840002,1
840072403,2,3,8,7,1,1,10,840006,1
840072404,2,2,8,10,10,1,10,840004,1
840072405,4,1,10,1,1,10,10,840005,2
840072406,5,2,10,1,1,1,10,840002,1
840072407,3,1,10,1,1,1,10,840002,2
840072408,3,2,7,1,2,2,10,840004,2
840072409,2,2,4,1,1,1,10,840002,1
840072410,3,1,10,1,1,1,10,840002,2
840072411,3,2,6,2,5,1,10,840004,2
840072412,5,2,10,10,10,1,10,840005,1
840072413,2,3,5,4,1,2,10,840001,1
840072414,2,2,10,10,1,1,10,840002,1
840072415,4,1,10,1,1,10,10,840005,2
840072416,4,1,10,1,10,1,10,840002,2
840072417,3,3,8,5,5,5,10,840001,1
840072418,5,2,10,1,1,1,10,840002,1
840072419,4,2,10,1,1,1,10,840002,1
840072420,3,1,10,1,1,1,10,840002,2
840072421,2,1,8,8,1,1,10,840004,2
840072422,3,3,10,10,5,10,10,840005,2
840072423,3,1,8,1,1,1,10,840005,2
840072424,2,1,8,1,1,1,10,840004,2
840072425,2,1,5,3,1,1,10,840004,2
840072426,3,1,8,3,6,2,10,840002,1
840072427,2,1,10,1,1,1,10,840002,2
840072428,4,2,9,10,6,7,10,840005,1
840072429,4,3,8,5,6,1,10,840005,1
840072430,3,2,10,1,1,1,10,840002,1
840072431,4,1,9,8,10,1,10,840001,1
840072432,4,3,9,1,1,10,10,840002,1
840072433,4,2,10,1,1,3,10,840001,2
840072434,5,2,10,1,10,10,10,840002,1
840072435,3,1,10,1,1,1,10,840001,1
840072436,4,3,10,1,8,3,10,840002,2
840072437,2,3,10,1,1,1,10,840002,1
840072438,3,1,7,4,5,7,10,840005,2
840072439,3,1,10,1,1,10,10,840001,1
840072440,3,3,10,4,1,8,10,840004,1
840072441,4,3,10,1,10,10,10,840002,2
840072442,3,1,10,1,1,1,10,840004,2
840072443,3,3,5,2,8,3,10,840002,2
840072444,4,1,10,1,1,1,10,840002,2
840072445,2,2,10,1,1,1,10,840002,2
840072446,4,2,5,5,8,1,10,840002,1
840072447,3,1,8,4,4,2,10,840002,2
840072448,2,2,9,6,4,2,10,840004,1
840072449,4,1,10,1,10,10,10,840005,1
840072450,2,3,9,2,1,1,10,840001,1
840072451,2,2,10,3,1,1,10,840001,2
840072452,3,1,7,8,3,4,10,840002,2
840072453,3,2,7,1,1,1,10,840001,1
840072454,3,1,10,1,1,1,10,840002,1
840072455,2,2,10,1,1,10,10,-2,1
840072456,5,2,10,1,1,1,10,840002,1
840072457,4,3,3,5,5,4,10,840006,1
840072458,2,3,6,4,1,3,10,840001,1
840072459,5,2,2,1,1,1,10,840001,1
840072460,2,2,5,1,1,1,10,840001,1
840072461,3,3,10,1,1,1,10,840002,2
840072462,2,1,10,1,1,1,10,840002,2
840072463,5,3,10,10,1,10,10,840001,1
840072464,4,2,10,1,1,1,10,840002,1
840072465,3,2,9,2,2,1,10,840002,2
840072466,4,2,6,4,1,1,10,840002,1
840072467,3,2,8,1,2,6,10,840001,1
840072468,3,2,10,1,1,1,10,840002,2
840072469,4,3,10,3,3,3,10,840002,2
840072470,3,2,9,3,3,3,10,840001,1
840072471,2,3,8,8,1,4,10,840002,2
840072472,3,3,10,10,6,10,10,840001,1
840072473,4,3,10,1,1,1,10,840002,1
840072474,3,1,10,1,1,1,10,840002,2
840072475,4,2,10,6,6,4,10,840001,1
840072476,3,2,7,1,8,8,10,840002,1
840072477,2,2,9,1,1,1,10,840002,1
840072478,2,2,7,1,3,3,10,840002,2
840072479,3,2,10,10,2,1,10,840004,1
840072480,4,3,10,1,1,1,10,840002,1
840072481,4,3,10,5,5,1,10,840002,1
840072482,3,2,10,5,10,2,10,840001,2
840072483,2,3,10,4,7,10,10,840001,1
840072484,3,2,10,7,2,1,10,840001,2
840072485,3,2,10,10,7,2,10,840005,1
840072486,5,3,7,1,1,1,10,840006,2
840072487,1,2,10,1,1,1,10,840004,1
840072488,3,3,8,7,6,3,10,840002,1
840072489,3,1,9,3,2,3,10,840001,1
840072490,4,2,10,1,1,1,10,840001,1
840072491,2,2,10,6,1,3,10,840001,1
840072492,3,2,10,7,5,1,10,840002,1
840072493,4,2,6,10,10,10,10,840001,2
840072494,4,3,8,1,1,3,10,840001,1
840072495,3,3,5,10,5,1,10,840001,1
840072496,3,1,7,2,3,1,10,840001,1
840072497,4,2,2,8,8,1,10,840002,2
840072498,3,1,5,6,9,7,10,840005,1
840072499,3,2,10,1,1,3,10,840001,1
840072500,2,2,10,2,4,4,10,840002,2
840072501,2,1,10,2,1,1,10,840002,2
840072502,4,3,10,1,7,1,10,840005,2
840072503,2,3,10,8,5,4,10,840001,1
840072504,3,3,6,1,1,6,10,840005,1
840072505,3,3,8,9,2,1,10,840001,1
840072506,3,2,8,10,5,4,10,840005,2
840072507,3,3,10,10,1,1,10,840002,2
840072508,4,2,10,1,1,1,10,840001,1
840072509,2,2,1,4,1,2,10,840001,1
840072510,3,1,10,3,6,2,10,840002,2
840072511,2,3,10,6,1,1,10,840001,1
840072512,3,2,10,1,1,1,10,840001,1
840072513,3,3,10,2,1,5,10,840001,1
840072514,3,2,10,2,2,2,10,840005,2
840072515,3,2,10,4,3,1,10,840002,1
840072516,2,1,9,1,1,1,10,840002,2
840072517,2,2,10,1,1,1,10,840002,2
840072518,4,1,8,1,1,1,10,840002,2
840072519,2,3,10,1,2,1,10,840002,1
840072520,4,1,10,1,1,1,10,840006,1
840072521,2,2,8,1,1,1,10,840001,1
840072522,4,2,10,5,1,7,10,840002,2
840072523,2,3,7,1,1,1,10,840004,1
840072524,4,1,8,8,3,1,10,840004,1
840072525,4,2,10,1,1,1,10,840006,2
840072526,2,2,10,1,1,1,10,840002,1
840072527,3,1,3,1,5,7,10,840002,1
840072528,3,1,10,1,2,1,10,840002,1
840072529,2,3,10,1,1,10,10,840002,2
840072530,4,1,7,1,1,8,10,840002,1
840072531,2,1,10,2,4,1,10,840002,1
840072532,2,2,7,3,1,3,10,840002,2
840072533,3,3,7,10,6,7,10,840002,1
840072534,2,3,10,10,8,10,10,840002,2
840072535,5,2,10,10,10,10,10,840004,2
840072536,5,1,10,1,1,1,10,840002,1
840072537,2,1,10,10,10,1,10,840001,2
840072538,4,2,10,9,5,3,10,840004,2
840072539,4,3,10,1,1,1,10,840002,2
840072540,3,1,10,10,10,10,10,840002,2
840072541,3,2,8,1,3,1,10,840002,1
840072542,2,2,1,1,10,5,10,840002,2
840072543,4,1,10,1,2,1,10,840005,1
840072544,3,3,10,10,8,10,10,840001,1
840072545,4,1,10,1,1,1,10,840002,1
840072546,4,2,9,1,1,2,10,840002,2
840072547,4,2,8,1,1,9,10,840005,1
840072548,3,2,8,3,3,2,10,840002,1
840072549,4,3,10,6,2,10,10,840001,2
840072550,3,2,8,8,8,9,10,840004,2
840072551,-2,1,10,1,1,1,10,840004,1
840072552,3,2,8,5,2,5,10,840002,1
840072553,4,3,6,6,4,1,10,-1,1
840072554,4,1,10,1,1,1,10,840002,1
840072555,2,2,10,2,2,8,10,840002,1
840072556,4,2,8,1,1,1,10,840002,2
840072557,4,3,7,1,1,1,10,840006,2
840072558,3,1,10,1,1,1,10,840002,2
840072559,2,1,6,4,4,3,10,840001,1
840072560,4,2,8,1,1,2,10,840002,2
840072561,2,2,10,7,7,3,10,840001,2
840072562,2,3,5,5,8,1,10,840001,2
840072563,3,3,-2,-2,-2,-2,-2,840001,2
840072564,4,3,-2,-2,-2,-2,-2,840002,2
840072565,3,2,-2,-2,-2,-2,-2,840002,2
840072566,2,3,-2,-2,-2,-2,-2,840002,1
840072567,2,3,-2,-2,-2,-2,-2,840002,1
840072568,3,2,10,1,7,10,1,840005,1
840072569,4,3,1,10,1,10,1,840001,2
840072570,3,3,3,9,10,2,1,840001,1
840072571,2,2,9,4,1,1,1,840002,1
840072572,3,3,10,1,10,1,1,840002,1
840072573,3,3,7,10,7,10,1,840002,2
840072574,3,2,3,1,2,9,1,840002,2
840072575,3,3,10,6,7,6,1,840002,1
840072576,5,1,1,1,1,1,1,840002,2
840072577,3,3,10,10,7,10,1,840002,2
840072578,4,2,1,1,8,6,1,840005,1
840072579,4,2,10,1,1,1,2,840002,2
840072580,3,2,7,1,2,2,2,840001,1
840072581,4,2,10,10,10,10,2,-2,1
840072582,2,1,8,6,5,2,3,840002,2
840072583,4,2,8,3,5,5,3,840002,1
840072584,4,1,10,6,7,5,3,840005,1
840072585,2,2,5,3,7,3,3,840002,2
840072586,3,3,3,4,1,1,3,840002,2
840072587,3,2,8,7,5,4,3,840001,2
840072588,3,3,3,10,9,2,3,840001,1
840072589,3,1,5,8,5,4,3,840001,1
840072590,4,2,5,4,4,2,3,840002,2
840072591,3,1,8,2,2,6,4,840002,2
840072592,3,3,5,3,2,4,4,840002,1
840072593,2,3,5,5,2,2,4,840002,2
840072594,4,1,9,7,4,2,4,840002,2
840072595,3,3,5,6,5,1,4,840005,2
840072596,4,2,4,5,5,4,4,840005,1
840072597,4,3,2,7,2,3,4,840001,1
840072598,2,3,7,8,8,3,4,840001,2
840072599,-2,1,6,6,5,6,4,-2,2
840072600,4,1,6,6,5,6,4,840005,1
840072601,3,3,5,10,4,6,4,840001,2
840072602,2,1,7,6,8,5,4,840001,2
840072603,4,2,2,8,8,3,4,840002,2
840072604,5,2,5,10,5,4,4,840002,2
840072605,1,1,10,3,7,3,4,840002,2
840072606,4,2,8,5,7,8,4,840001,1
840072607,3,3,3,2,1,1,4,840001,1
840072608,2,3,3,1,1,1,4,840002,1
840072609,2,2,5,2,1,4,4,840002,1
840072610,3,1,5,6,7,5,4,840004,2
840072611,5,2,10,7,3,3,4,840002,1
840072612,5,1,8,1,10,1,4,840004,1
840072613,3,3,4,4,4,4,4,840001,1
840072614,4,3,10,10,10,8,5,840001,2
840072615,2,2,5,2,2,2,5,840002,2
840072616,5,3,5,1,5,5,5,840005,2
840072617,5,3,7,5,9,5,5,840001,2
840072618,5,1,5,5,5,5,5,840002,2
840072619,3,2,4,8,8,7,5,840001,1
840072620,2,1,5,5,6,8,5,840001,1
840072621,4,2,1,7,1,1,5,840001,1
840072622,2,2,7,4,5,5,5,840001,1
840072623,3,1,7,9,5,2,5,840001,2
840072624,3,2,4,9,6,5,5,840001,2
840072625,4,3,4,4,10,8,5,840001,1
840072626,3,2,8,1,3,2,5,840005,1
840072627,-2,2,7,7,7,3,5,840002,2
840072628,4,3,1,6,5,9,5,840001,2
840072629,3,1,5,5,5,5,5,840005,2
840072630,3,2,5,5,5,5,5,840001,2
840072631,2,3,7,8,7,3,5,840001,1
840072632,2,2,9,10,5,1,5,840001,1
840072633,3,1,10,4,4,1,5,-2,2
840072634,2,2,9,5,9,4,5,840001,1
840072635,4,2,5,1,1,5,5,840001,2
840072636,4,3,1,1,1,1,5,840001,1
840072637,2,2,5,5,5,5,5,840002,1
840072638,2,3,8,5,5,5,5,840002,2
840072639,2,3,5,7,8,5,5,840001,2
840072640,3,2,3,7,6,7,5,840001,2
840072641,4,3,7,5,3,5,5,840001,1
840072642,3,2,5,8,6,4,5,840005,2
840072643,4,2,10,3,5,4,5,840001,2
840072644,3,3,7,6,5,6,5,840001,1
840072645,5,3,5,1,1,5,5,840001,1
840072646,2,2,1,3,5,2,5,840001,2
840072647,3,2,1,10,10,1,5,840001,1
840072648,3,2,5,1,5,5,5,840002,1
840072649,2,2,8,3,3,4,5,840002,2
840072650,2,2,2,2,1,2,5,840002,1
840072651,3,3,3,5,7,4,5,840001,1
840072652,2,2,8,6,7,5,5,840002,2
840072653,5,3,5,10,10,5,5,840005,2
840072654,3,3,5,6,5,4,5,840001,1
840072655,2,3,5,5,5,8,5,840005,1
840072656,3,3,5,9,5,1,5,840001,2
840072657,2,2,4,9,1,5,5,840001,1
840072658,2,2,10,10,10,1,5,840001,1
840072659,4,1,5,10,7,1,5,840002,1
840072660,4,2,8,4,5,5,5,840002,1
840072661,5,2,6,10,5,6,5,840005,2
840072662,2,2,9,6,6,4,5,840001,1
840072663,4,2,10,10,10,5,5,840004,2
840072664,3,1,10,9,9,7,5,840002,2
840072665,3,1,6,6,6,6,5,840001,2
840072666,5,2,5,5,5,5,5,840002,2
840072667,2,2,10,8,6,1,5,840001,2
840072668,3,2,10,8,3,3,5,840005,1
840072669,1,2,6,8,5,7,5,840002,2
840072670,2,3,8,5,8,5,5,840001,2
840072671,4,3,10,1,1,1,5,840002,1
840072672,4,2,5,5,5,5,5,840001,2
840072673,3,2,5,9,5,2,5,840001,1
840072674,3,2,10,5,2,7,5,840002,2
840072675,3,1,8,2,4,3,6,840002,2
840072676,3,2,5,9,6,1,6,840001,1
840072677,3,2,4,4,4,3,6,840004,2
840072678,3,3,5,6,6,7,6,840002,1
840072679,3,3,9,2,10,1,6,840002,1
840072680,3,1,4,5,7,3,6,840006,2
840072681,2,2,5,5,5,8,6,840001,1
840072682,3,3,6,8,7,5,6,840001,1
840072683,2,2,6,5,5,5,6,840001,2
840072684,3,2,4,6,8,4,6,840001,1
840072685,2,1,5,8,7,3,6,840001,2
840072686,4,1,5,1,3,5,6,840006,2
840072687,3,3,6,6,5,4,6,840001,1
840072688,3,2,6,10,7,8,6,840005,2
840072689,4,3,6,3,3,8,6,840002,2
840072690,4,2,6,8,7,6,6,840005,1
840072691,3,2,7,8,5,4,6,840001,1
840072692,3,2,5,1,1,1,6,840002,2
840072693,-2,1,7,7,6,6,6,840006,1
840072694,3,3,8,8,7,7,6,840002,1
840072695,3,2,6,6,6,3,6,840005,1
840072696,3,1,7,5,6,3,6,840001,2
840072697,2,1,5,10,3,3,6,840004,2
840072698,3,1,6,6,6,6,6,840002,1
840072699,3,3,6,8,6,6,6,840002,1
840072700,4,2,6,3,1,1,6,840002,1
840072701,3,3,7,6,7,7,6,840001,1
840072702,2,3,3,1,1,1,6,840001,1
840072703,3,1,7,5,6,8,6,840002,2
840072704,4,2,7,9,8,10,6,840001,1
840072705,2,2,3,7,8,6,6,840001,1
840072706,2,3,5,5,4,5,6,840001,1
840072707,2,3,10,5,6,5,6,840002,2
840072708,4,2,4,6,7,6,6,840001,1
840072709,4,3,8,8,3,3,6,840001,2
840072710,3,3,5,1,3,3,6,840001,2
840072711,4,2,1,1,8,1,6,840002,1
840072712,4,1,6,8,9,5,6,840001,2
840072713,2,1,5,8,7,8,6,840002,2
840072714,4,3,1,10,1,7,6,840001,2
840072715,4,2,6,5,6,7,6,-2,2
840072716,4,2,8,2,3,4,7,840002,1
840072717,2,3,8,9,6,8,7,840005,1
840072718,3,3,7,7,6,6,7,840002,2
840072719,2,1,8,10,8,7,7,840006,1
840072720,2,3,6,5,5,6,7,840005,1
840072721,3,3,7,6,7,2,7,840001,1
840072722,3,2,6,9,5,1,7,840001,2
840072723,4,2,3,3,5,4,7,840005,1
840072724,2,3,8,10,8,5,7,840001,1
840072725,3,3,7,5,5,5,7,840005,2
840072726,3,3,7,5,4,2,7,840002,1
840072727,3,3,5,10,5,5,7,840002,1
840072728,2,3,6,2,2,2,7,840002,1
840072729,2,2,6,5,5,4,7,840001,2
840072730,3,2,7,3,3,3,7,840002,1
840072731,3,3,7,7,3,3,7,840001,1
840072732,3,3,7,4,5,4,7,840005,1
840072733,2,3,8,3,4,8,7,840002,1
840072734,3,1,5,5,5,6,7,840001,1
840072735,4,2,9,7,1,2,7,840001,1
840072736,3,3,7,4,8,3,7,840001,1
840072737,3,2,7,10,7,3,7,840002,1
840072738,3,2,8,5,5,5,7,840001,2
840072739,3,1,8,10,8,5,7,840004,2
840072740,4,2,9,7,5,5,7,840002,2
840072741,2,2,3,3,2,1,7,840001,1
840072742,2,3,5,2,5,3,7,840002,1
840072743,3,1,7,3,3,3,7,840002,2
840072744,4,2,7,2,3,5,7,840002,2
840072745,3,1,4,5,5,5,7,840004,2
840072746,3,3,7,8,7,4,7,840001,1
840072747,2,3,7,6,7,6,7,840005,2
840072748,4,2,4,7,5,1,7,840005,2
840072749,2,2,7,6,7,8,7,840001,2
840072750,4,2,6,10,5,5,7,840001,2
840072751,3,2,5,10,3,5,7,840001,1
840072752,3,1,8,6,3,9,7,840002,2
840072753,3,2,6,8,4,2,7,840001,1
840072754,3,2,7,9,6,3,7,840001,2
840072755,2,3,7,1,7,1,7,840005,1
840072756,2,3,8,9,1,1,7,840001,1
840072757,2,2,7,9,5,9,7,840001,1
840072758,3,1,10,1,1,1,7,840002,1
840072759,3,1,6,1,1,2,7,840002,1
840072760,2,2,8,4,6,3,7,840001,1
840072761,4,2,7,8,5,7,7,840001,2
840072762,4,1,6,3,6,4,7,840001,2
840072763,3,3,6,10,7,9,7,840001,2
840072764,3,3,5,10,2,4,7,840005,1
840072765,4,3,6,4,5,3,7,840001,2
840072766,3,3,7,5,4,3,7,840001,1
840072767,3,2,8,8,7,4,7,840001,1
840072768,2,2,10,1,3,1,7,840002,2
840072769,2,1,7,3,7,4,7,840002,2
840072770,3,2,7,7,7,4,7,840001,1
840072771,3,1,6,5,6,4,7,840001,1
840072772,4,3,6,6,6,5,7,840001,1
840072773,3,2,5,8,5,8,7,840001,2
840072774,2,2,10,1,1,1,7,840001,1
840072775,4,2,7,5,3,7,7,840001,2
840072776,2,3,6,5,6,6,7,840002,1
840072777,4,2,3,8,6,2,7,840005,1
840072778,2,3,6,8,5,3,7,840001,2
840072779,2,3,3,5,1,2,7,840002,1
840072780,4,2,5,2,5,4,7,840001,1
840072781,2,3,8,4,4,4,7,840002,2
840072782,5,1,6,8,5,5,7,840005,2
840072783,5,3,2,4,4,7,7,840002,2
840072784,4,2,6,4,3,8,7,840005,1
840072785,4,1,5,7,6,5,7,840001,2
840072786,3,3,6,4,7,7,7,840002,1
840072787,3,3,7,3,2,2,7,840001,1
840072788,3,3,6,8,5,5,7,840002,1
840072789,3,2,5,8,7,5,7,840001,1
840072790,2,3,6,7,5,3,7,840001,1
840072791,3,3,8,8,5,6,7,840001,1
840072792,3,2,7,8,2,8,7,840001,2
840072793,2,2,8,4,1,1,7,840002,2
840072794,3,2,6,6,1,5,7,840001,2
840072795,2,2,7,6,5,7,7,840002,1
840072796,3,1,7,10,10,4,7,840001,2
840072797,4,2,6,8,5,5,7,840001,2
840072798,2,3,8,7,6,4,7,840001,1
840072799,4,2,8,3,3,3,7,840001,1
840072800,4,3,7,5,5,5,7,840002,1
840072801,3,1,9,10,4,1,7,840001,2
840072802,2,3,8,2,1,1,7,840002,2
840072803,4,3,7,8,8,7,7,840001,1
840072804,4,2,7,8,6,8,7,840001,2
840072805,3,1,8,1,1,10,7,840002,1
840072806,3,3,8,10,1,6,7,840001,2
840072807,4,2,1,1,1,1,7,840002,2
840072808,4,1,-2,7,4,3,7,-2,1
840072809,2,3,7,8,6,4,7,840001,1
840072810,3,2,9,4,5,6,8,840005,2
840072811,2,1,10,4,8,2,8,840002,1
840072812,3,2,8,6,6,6,8,840002,2
840072813,4,3,6,8,6,3,8,-2,2
840072814,2,1,7,8,6,4,8,840001,2
840072815,3,3,9,9,7,4,8,840001,1
840072816,3,1,9,3,1,1,8,840002,1
840072817,3,2,7,2,4,2,8,840006,1
840072818,3,2,9,6,5,6,8,840002,1
840072819,2,3,8,5,3,1,8,840005,1
840072820,3,3,7,4,1,6,8,840005,2
840072821,2,3,5,2,2,1,8,840002,1
840072822,2,2,8,1,1,1,8,840002,1
840072823,2,2,10,1,1,1,8,840002,1
840072824,2,3,8,10,8,8,8,840001,1
840072825,2,3,7,10,1,1,8,840002,1
840072826,2,2,4,1,2,1,8,840002,1
840072827,3,3,10,3,1,1,8,840002,1
840072828,5,3,9,5,4,3,8,840002,2
840072829,3,2,8,2,1,1,8,840005,2
840072830,2,2,5,1,1,1,8,840002,1
840072831,3,3,2,7,7,5,8,840001,1
840072832,2,3,10,5,5,3,8,840002,1
840072833,2,3,7,7,8,7,8,840001,1
840072834,2,3,4,5,7,3,8,840001,2
840072835,2,3,7,1,1,1,8,840002,1
840072836,3,2,7,1,4,2,8,840002,1
840072837,3,3,8,2,1,1,8,840002,1
840072838,3,3,8,3,3,7,8,840004,1
840072839,3,3,5,9,5,2,8,840005,1
840072840,2,3,6,7,3,7,8,840001,1
840072841,4,2,7,6,3,5,8,840001,2
840072842,2,3,7,1,5,3,8,840002,1
840072843,2,1,9,4,3,3,8,840001,1
840072844,3,3,8,3,3,3,8,840001,2
840072845,2,3,8,3,1,1,8,840002,1
840072846,2,2,8,3,2,2,8,840002,1
840072847,4,3,4,1,1,1,8,840002,1
840072848,3,3,8,1,4,3,8,840005,1
840072849,3,2,5,8,8,3,8,840004,1
840072850,3,3,6,2,2,1,8,840002,1
840072851,3,2,7,1,1,1,8,840005,2
840072852,4,2,5,4,6,3,8,-2,2
840072853,3,2,7,5,2,2,8,840005,1
840072854,2,2,7,3,7,8,8,840001,1
840072855,3,2,6,1,1,1,8,840002,1
840072856,4,3,10,9,8,8,8,840005,2
840072857,4,1,4,1,1,1,8,840002,1
840072858,2,3,7,5,5,6,8,840002,2
840072859,2,2,4,1,1,2,8,840002,1
840072860,1,3,6,2,3,2,8,840004,1
840072861,2,3,8,4,5,2,8,840006,2
840072862,4,2,10,7,6,1,8,840002,1
840072863,2,1,9,3,1,1,8,840002,1
840072864,2,1,4,2,5,1,8,840001,1
840072865,2,3,9,8,2,2,8,840001,1
840072866,4,1,8,10,3,2,8,840001,2
840072867,2,3,10,9,2,6,8,840001,1
840072868,3,1,7,3,1,1,8,840005,2
840072869,2,2,7,2,5,7,8,840004,1
840072870,4,2,8,6,6,7,8,840001,2
840072871,4,3,8,6,6,6,8,840002,1
840072872,2,1,10,1,2,2,8,840002,1
840072873,3,2,8,4,4,7,8,840001,2
840072874,2,3,8,6,7,3,8,840001,1
840072875,2,1,7,1,3,7,8,840002,1
840072876,2,1,9,2,3,2,8,840002,2
840072877,2,1,8,1,1,1,8,840002,2
840072878,3,3,8,2,2,3,8,840002,1
840072879,2,1,8,3,6,2,8,840005,1
840072880,3,2,7,4,7,6,8,840002,2
840072881,2,2,7,9,5,1,8,840001,1
840072882,2,2,6,2,2,1,8,840002,2
840072883,2,3,7,4,2,4,8,840005,1
840072884,2,2,10,7,7,7,8,840001,2
840072885,3,3,7,3,1,4,8,840001,1
840072886,2,3,5,5,5,8,8,840001,1
840072887,2,2,9,2,2,6,8,840001,1
840072888,2,2,5,5,1,5,8,840001,1
840072889,3,1,7,7,9,3,8,840002,2
840072890,3,2,5,3,2,1,8,840001,2
840072891,3,3,5,2,7,2,8,840002,1
840072892,3,3,8,3,5,3,8,840002,1
840072893,2,1,9,1,2,1,8,840005,1
840072894,5,3,7,10,10,10,8,840001,1
840072895,2,3,8,10,1,6,8,840002,1
840072896,4,3,7,8,3,4,8,840001,1
840072897,2,3,8,3,-2,6,8,840001,1
840072898,2,1,8,5,3,3,8,840002,1
840072899,2,1,6,6,3,3,8,840001,2
840072900,2,3,8,2,2,5,8,840002,1
840072901,3,2,7,1,1,1,8,840002,1
840072902,4,3,7,1,1,1,8,840002,1
840072903,3,1,5,5,4,3,8,840002,1
840072904,2,3,8,7,3,1,8,840002,1
840072905,2,3,5,3,1,2,8,840005,1
840072906,2,2,5,4,2,4,8,840002,2
840072907,5,3,6,7,8,9,8,840001,1
840072908,3,1,8,2,4,2,8,840002,1
840072909,3,1,6,5,9,3,8,840001,2
840072910,3,1,8,7,6,2,8,840001,2
840072911,3,1,1,5,1,1,8,840001,2
840072912,2,2,3,1,3,1,8,840002,2
840072913,3,3,8,3,9,8,8,840002,1
840072914,3,1,9,4,5,1,8,840002,1
840072915,2,2,8,4,4,4,8,840002,2
840072916,2,3,8,2,1,1,8,840002,1
840072917,2,3,8,2,1,3,8,840004,1
840072918,2,3,9,6,3,2,8,840001,1
840072919,3,2,9,7,2,2,8,840002,2
840072920,2,2,9,6,8,8,8,840002,1
840072921,2,3,9,5,5,3,8,840002,1
840072922,2,2,7,7,6,5,8,840001,1
840072923,2,3,8,3,3,3,8,840001,1
840072924,3,2,7,3,5,4,8,840002,1
840072925,3,3,9,4,5,4,8,840002,2
840072926,2,2,9,4,7,2,8,840005,1
840072927,2,3,4,8,2,2,8,840001,1
840072928,4,2,8,2,1,5,8,840002,1
840072929,2,2,8,1,3,1,8,840002,2
840072930,2,2,6,5,1,1,8,840001,2
840072931,3,2,8,8,3,3,8,840001,2
840072932,4,2,7,3,3,1,8,840002,1
840072933,2,3,8,1,1,1,8,840002,1
840072934,3,3,9,3,3,5,8,840002,1
840072935,3,3,7,2,2,2,8,840002,2
840072936,4,2,10,5,1,7,8,840001,2
840072937,2,3,7,5,2,2,8,840004,1
840072938,2,2,7,8,7,7,8,840002,2
840072939,4,3,5,9,5,9,8,840001,2
840072940,5,3,8,10,6,3,8,840001,2
840072941,3,1,9,2,3,1,8,840001,2
840072942,2,2,8,3,1,5,8,840001,2
840072943,4,3,5,4,4,2,8,840001,1
840072944,3,3,6,1,1,1,8,840002,1
840072945,2,3,8,4,1,3,8,840002,1
840072946,2,3,10,10,3,8,8,840001,1
840072947,4,3,8,4,6,-2,8,840001,1
840072948,2,2,8,4,2,3,8,840001,2
840072949,3,3,7,7,5,6,8,840001,2
840072950,2,3,9,6,5,3,8,840001,1
840072951,2,2,6,5,5,3,8,840001,1
840072952,2,3,8,3,3,1,8,840002,1
840072953,2,3,7,9,6,7,8,840001,2
840072954,4,3,5,6,5,5,8,840001,1
840072955,3,3,3,5,3,2,8,840002,1
840072956,2,3,5,10,8,9,8,840001,2
840072957,2,2,7,6,6,6,8,840001,2
840072958,3,3,7,2,2,1,8,840002,1
840072959,2,3,7,1,1,1,8,840001,1
840072960,3,2,5,7,7,6,8,840002,2
840072961,2,3,8,4,2,5,8,840001,1
840072962,3,3,9,7,1,4,8,840002,2
840072963,3,2,7,5,4,5,8,840001,1
840072964,3,3,8,5,5,2,8,840001,1
840072965,2,2,9,4,8,5,8,840002,2
840072966,3,2,5,-2,4,3,8,-2,2
840072967,2,3,5,4,10,3,8,840001,1
840072968,3,1,9,3,7,7,8,840001,1
840072969,2,3,7,1,1,1,8,840005,1
840072970,2,3,7,2,4,4,8,840001,1
840072971,4,2,7,3,3,3,8,840002,1
840072972,3,3,5,3,3,3,8,840002,1
840072973,2,3,9,6,7,5,8,840001,2
840072974,3,3,8,5,2,2,8,840005,1
840072975,2,3,-2,6,6,5,8,840002,1
840072976,2,2,9,9,1,1,8,840002,1
840072977,3,2,7,5,5,3,8,840001,1
840072978,2,3,9,5,5,4,8,840002,1
840072979,3,2,6,7,7,3,8,840001,1
840072980,2,3,7,3,3,7,8,840001,1
840072981,3,3,5,1,1,4,8,840002,1
840072982,3,2,6,2,8,3,8,840001,1
840072983,3,3,8,1,3,3,8,840002,1
840072984,2,1,7,1,1,1,8,840001,1
840072985,2,3,7,5,6,3,8,840001,1
840072986,2,3,10,10,8,5,8,840001,1
840072987,2,2,8,1,1,2,8,840002,2
840072988,2,3,8,4,2,1,8,840002,1
840072989,3,3,8,4,7,4,8,840001,1
840072990,2,3,9,4,5,2,8,840002,2
840072991,4,3,4,1,1,1,8,840002,1
840072992,3,2,5,3,4,3,8,840002,1
840072993,2,3,8,4,7,1,8,840001,1
840072994,2,3,8,3,3,3,8,840001,1
840072995,3,3,8,6,1,2,8,840001,2
840072996,2,3,8,4,1,1,8,840001,1
840072997,3,1,8,1,3,1,8,840002,2
840072998,2,3,6,9,4,10,8,840001,2
840072999,2,2,8,2,2,8,8,840002,1
840073000,3,3,6,8,4,8,8,840002,1
840073001,3,2,8,5,7,3,8,840002,2
840073002,3,3,7,4,6,3,8,840002,2
840073003,3,3,7,8,8,8,8,840004,2
840073004,4,3,10,1,1,1,8,840002,1
840073005,3,2,10,1,1,1,8,840002,2
840073006,4,2,9,8,10,5,8,840002,2
840073007,4,3,7,5,2,3,8,840001,1
840073008,4,3,7,10,5,3,8,840002,2
840073009,3,2,5,1,1,5,8,840001,1
840073010,4,3,8,7,2,3,8,840002,1
840073011,2,3,10,5,1,7,8,840002,2
840073012,2,3,3,3,1,3,8,840002,1
840073013,3,1,10,4,9,8,8,840002,2
840073014,3,2,7,7,6,3,8,840005,1
840073015,4,3,8,7,7,5,9,840001,1
840073016,2,3,8,2,5,5,9,840002,1
840073017,4,1,8,3,3,8,9,840001,2
840073018,2,3,10,1,1,1,9,840002,2
840073019,2,2,8,2,1,1,9,840004,2
840073020,3,1,7,5,6,4,9,840005,1
840073021,2,2,7,2,3,4,9,840002,1
840073022,3,3,8,7,6,6,9,840002,2
840073023,2,1,8,4,3,2,9,840002,1
840073024,3,3,8,2,3,8,9,840001,1
840073025,4,3,7,5,2,1,9,840001,1
840073026,2,3,9,9,2,1,9,840001,1
840073027,3,3,8,5,1,1,9,840002,1
840073028,2,3,10,9,6,2,9,840001,1
840073029,2,3,7,5,5,8,9,840001,1
840073030,5,3,10,5,2,2,9,840005,1
840073031,2,2,9,1,1,1,9,840002,1
840073032,4,3,5,10,6,4,9,840002,2
840073033,3,3,8,5,6,4,9,840001,1
840073034,4,3,10,2,7,5,9,840002,2
840073035,2,3,8,2,3,2,9,840001,1
840073036,3,3,9,3,3,3,9,840002,1
840073037,3,3,7,9,6,3,9,840001,1
840073038,2,2,4,1,1,1,9,840002,2
840073039,2,3,9,1,1,9,9,840006,1
840073040,2,2,9,1,1,1,9,840002,1
840073041,2,2,7,4,3,5,9,840001,1
840073042,2,3,9,3,2,2,9,840002,1
840073043,2,1,8,1,1,1,9,840002,2
840073044,2,2,10,1,2,5,9,840002,1
840073045,3,2,7,1,3,3,9,840002,1
840073046,3,2,8,1,1,1,9,840002,2
840073047,2,2,10,1,1,1,9,840002,1
840073048,2,2,10,1,1,1,9,840002,2
840073049,2,1,9,1,2,1,9,840001,2
840073050,4,3,5,7,1,1,9,840002,1
840073051,3,3,7,5,8,1,9,840001,1
840073052,5,3,7,3,1,2,9,840001,1
840073053,3,1,8,6,5,2,9,840001,1
840073054,3,1,10,1,1,1,9,840002,2
840073055,3,2,8,3,5,1,9,840004,1
840073056,2,1,8,1,1,1,9,840002,2
840073057,3,2,10,1,1,1,9,840002,1
840073058,2,3,10,9,2,9,9,840004,1
840073059,4,1,6,1,1,1,9,840004,1
840073060,3,3,9,6,2,2,9,840002,1
840073061,2,2,9,7,3,3,9,840002,2
840073062,3,1,7,4,1,1,9,840002,1
840073063,2,3,8,2,1,8,9,840001,1
840073064,2,3,7,6,3,3,9,840001,1
840073065,4,3,9,2,2,2,9,840002,2
840073066,4,3,8,2,1,10,9,840002,2
840073067,3,3,6,3,1,3,9,840002,2
840073068,3,3,9,6,8,6,9,840001,2
840073069,2,2,4,1,1,1,9,840002,1
840073070,3,3,10,10,8,8,9,840002,1
840073071,3,3,5,5,4,4,9,840001,1
840073072,2,1,8,4,2,3,9,840001,2
840073073,2,1,8,1,6,3,9,840004,1
840073074,3,2,3,9,2,2,9,840002,2
840073075,2,3,9,5,2,2,9,840002,1
840073076,3,3,8,7,6,8,9,840001,1
840073077,3,1,8,4,1,3,9,840002,2
840073078,2,3,6,2,3,2,9,840002,1
840073079,2,2,8,3,3,5,9,840005,1
840073080,3,2,8,3,2,3,9,840001,1
840073081,2,1,8,2,2,1,9,840002,1
840073082,3,2,9,1,2,1,9,840002,2
840073083,2,1,7,3,4,5,9,840002,1
840073084,2,2,8,3,6,3,9,840001,1
840073085,3,3,8,3,1,1,9,840001,1
840073086,2,1,9,4,3,3,9,840002,1
840073087,3,2,9,2,2,9,9,840002,2
840073088,3,1,9,1,3,2,9,840002,2
840073089,3,3,7,8,7,2,9,840001,1
840073090,2,2,7,7,4,1,9,840004,1
840073091,2,3,9,4,3,3,9,840002,1
840073092,2,2,8,3,3,1,9,840002,2
840073093,2,1,5,1,1,1,9,840002,2
840073094,2,1,8,2,6,2,9,840002,1
840073095,2,2,9,1,1,2,9,840002,2
840073096,2,3,8,8,3,2,9,840005,1
840073097,3,1,5,7,3,2,9,840001,2
840073098,2,2,7,1,1,1,9,840004,1
840073099,3,3,6,5,1,9,9,840002,1
840073100,2,2,8,1,1,1,9,840002,2
840073101,2,3,9,3,3,8,9,840002,1
840073102,2,2,9,1,2,7,9,840002,1
840073103,3,3,9,3,3,9,9,840004,1
840073104,2,3,6,3,2,2,9,840002,1
840073105,4,3,6,2,1,1,9,840006,1
840073106,3,2,9,9,6,3,9,840001,1
840073107,2,3,9,9,3,1,9,840002,2
840073108,4,3,10,1,1,1,9,840002,1
840073109,2,1,8,7,5,2,9,840002,2
840073110,2,3,8,9,8,3,9,840001,2
840073111,4,3,7,6,7,7,9,840001,1
840073112,3,2,8,1,2,1,9,840002,2
840073113,3,2,6,7,7,1,9,840004,1
840073114,4,3,4,9,10,1,9,840001,1
840073115,3,3,5,2,2,6,9,840002,2
840073116,2,2,7,2,3,1,9,840002,2
840073117,3,3,8,1,1,1,9,840002,1
840073118,2,1,7,1,2,3,9,840002,1
840073119,2,2,5,1,10,7,9,840002,2
840073120,2,3,9,2,2,9,9,840001,1
840073121,3,2,8,2,3,1,9,840002,1
840073122,2,2,9,5,4,2,9,840001,2
840073123,2,2,8,8,6,1,9,840001,1
840073124,2,3,9,8,3,3,9,840002,1
840073125,4,3,8,6,1,2,9,840002,1
840073126,2,3,3,3,1,1,9,840002,1
840073127,3,3,6,1,1,3,9,840005,1
840073128,4,3,9,2,2,1,9,840002,1
840073129,2,3,7,2,1,3,9,840001,1
840073130,2,3,5,2,1,3,9,840001,1
840073131,2,2,7,1,1,1,9,840002,1
840073132,4,2,9,2,2,2,9,840001,2
840073133,2,3,9,1,1,1,9,840005,2
840073134,3,3,4,5,1,3,9,840001,1
840073135,3,3,9,2,2,1,9,840002,1
840073136,4,3,6,5,5,3,9,840001,1
840073137,2,2,9,3,1,1,9,840002,1
840073138,2,3,9,1,1,1,9,840002,1
840073139,3,3,10,2,1,1,9,840002,1
840073140,2,1,8,1,1,3,9,840002,1
840073141,3,2,5,5,4,7,9,840002,2
840073142,2,2,9,5,-2,8,9,840001,1
840073143,2,2,7,8,3,2,9,840001,1
840073144,4,3,9,1,1,1,9,840001,1
840073145,2,3,10,4,1,3,9,840001,1
840073146,2,1,6,5,6,5,9,840001,1
840073147,1,2,8,3,5,4,9,840001,1
840073148,3,3,5,5,5,1,9,840001,1
840073149,3,3,9,4,2,2,9,840001,1
840073150,3,3,8,10,3,2,9,-2,2
840073151,2,3,6,3,6,4,9,840001,1
840073152,3,2,8,8,5,3,9,840004,2
840073153,3,1,8,2,2,10,9,-2,2
840073154,2,3,5,1,1,1,9,840002,1
840073155,3,1,8,1,1,1,9,840002,2
840073156,1,2,10,5,3,2,9,840004,1
840073157,4,3,9,2,2,6,9,840005,2
840073158,3,2,8,2,1,1,9,840002,2
840073159,3,1,10,4,5,1,9,840001,1
840073160,3,2,8,8,1,1,9,840002,1
840073161,2,1,9,1,4,3,9,840002,1
840073162,5,1,10,10,1,5,9,840002,1
840073163,3,3,10,2,1,3,9,840006,1
840073164,2,3,10,10,7,8,9,840002,2
840073165,2,3,7,3,1,1,9,840002,2
840073166,4,2,8,1,1,1,9,840005,2
840073167,2,3,9,3,9,9,10,840001,1
840073168,1,3,10,4,1,3,10,840001,1
840073169,1,3,9,1,1,1,10,840002,1
840073170,3,1,9,1,1,1,10,840002,1
840073171,3,2,5,1,1,3,10,840002,2
840073172,3,2,7,8,1,10,10,840001,1
840073173,2,1,10,9,10,10,10,840002,2
840073174,3,1,7,1,1,1,10,840002,1
840073175,3,1,9,3,1,6,10,840002,2
840073176,4,2,10,5,1,3,10,840001,1
840073177,2,2,9,1,1,1,10,840002,1
840073178,2,3,10,1,1,1,10,840002,1
840073179,2,3,6,1,6,10,10,840002,1
840073180,5,2,10,2,1,3,10,840002,2
840073181,2,3,10,7,6,4,10,840001,1
840073182,3,3,9,1,1,1,10,840002,1
840073183,2,3,10,1,1,3,10,840002,1
840073184,3,3,9,1,1,2,10,840002,1
840073185,2,3,8,1,2,2,10,840002,1
840073186,2,3,9,1,1,2,10,840002,1
840073187,3,2,10,9,1,8,10,840002,2
840073188,2,3,8,8,1,3,10,840001,1
840073189,3,3,10,1,5,4,10,840002,2
840073190,3,3,10,1,10,10,10,840002,1
840073191,2,2,6,1,1,1,10,840002,1
840073192,3,2,8,1,1,1,10,840002,2
840073193,2,3,4,7,4,3,10,840001,1
840073194,4,2,10,1,1,1,10,840005,1
840073195,3,2,9,1,1,1,10,840002,1
840073196,2,3,7,5,3,7,10,840004,1
840073197,4,1,10,1,1,1,10,840002,2
840073198,2,3,10,10,5,1,10,840001,1
840073199,2,1,7,3,1,8,10,840002,2
840073200,1,1,10,10,10,10,10,840002,1
840073201,1,3,10,1,1,4,10,840002,2
840073202,2,3,10,1,1,1,10,840002,1
840073203,3,3,10,1,1,1,10,840002,1
840073204,3,1,8,2,4,1,10,840006,1
840073205,3,1,7,1,1,1,10,840002,1
840073206,2,3,10,1,1,10,10,840002,1
840073207,3,1,10,4,1,1,10,840004,2
840073208,3,1,5,1,1,1,10,840002,1
840073209,2,3,8,3,1,1,10,840002,1
840073210,2,3,6,1,1,2,10,840002,1
840073211,2,3,10,7,4,2,10,840001,1
840073212,2,1,9,2,2,2,10,840001,2
840073213,4,1,10,1,1,1,10,840001,1
840073214,2,2,10,1,1,1,10,840002,1
840073215,2,2,10,1,1,1,10,840001,1
840073216,2,2,10,10,1,1,10,840004,1
840073217,3,3,10,1,1,1,10,840001,1
840073218,2,3,4,1,1,1,10,840002,1
840073219,4,2,10,1,1,1,10,840002,1
840073220,4,2,10,1,1,1,10,840002,1
840073221,2,2,10,10,1,1,10,840001,2
840073222,4,1,-2,1,1,1,10,840002,1
840073223,4,3,8,3,3,5,10,840002,1
840073224,2,3,1,3,1,1,10,840002,1
840073225,2,3,1,10,10,6,10,840005,1
840073226,4,2,10,3,5,1,10,840001,2
840073227,1,2,7,2,7,2,10,840001,1
840073228,2,1,10,1,1,1,10,840002,2
840073229,4,2,5,1,1,1,10,840002,2
840073230,2,1,10,1,1,1,10,840002,1
840073231,2,2,10,1,1,1,10,840002,1
840073232,3,2,8,1,2,1,10,840004,1
840073233,2,2,10,1,1,1,10,840002,1
840073234,3,3,7,3,1,1,10,840001,1
840073235,2,3,6,3,1,1,10,840002,1
840073236,2,1,10,1,3,1,10,840004,1
840073237,4,1,10,1,1,1,10,840002,2
840073238,3,1,10,1,1,10,10,840002,1
840073239,2,2,7,4,3,8,10,840004,1
840073240,3,3,1,1,3,3,10,840002,1
840073241,2,3,4,5,7,4,10,840001,1
840073242,4,2,1,10,3,1,10,840005,1
840073243,4,2,10,1,1,1,10,840002,2
840073244,2,2,1,3,1,8,10,840004,1
840073245,3,2,9,1,1,1,10,840002,1
840073246,5,1,10,1,1,1,10,840002,2
840073247,2,2,8,1,1,10,10,840001,1
840073248,2,3,7,7,1,1,10,840001,1
840073249,2,1,3,1,1,7,10,840005,1
840073250,3,1,10,10,10,1,10,840002,2
840073251,3,3,10,2,1,1,10,840002,2
840073252,2,3,10,5,1,1,10,-2,1
840073253,2,2,8,1,2,3,10,840001,1
840073254,1,2,10,1,1,3,10,840001,1
840073255,2,3,4,3,6,3,10,840001,1
840073256,2,2,10,1,1,1,10,840002,1
840073257,5,1,10,2,2,1,10,840006,1
840073258,2,1,10,10,10,10,10,840002,1
840073259,4,3,9,1,2,1,10,840002,1
840073260,3,2,8,3,3,1,10,840002,1
840073261,2,2,10,1,1,1,10,840001,2
840073262,2,2,10,10,1,1,10,840002,2
840073263,2,3,10,1,1,1,10,840002,1
840073264,3,3,8,3,6,1,10,840001,1
840073265,3,2,7,7,4,1,10,840002,1
840073266,4,3,1,5,10,10,10,840001,1
840073267,4,2,9,1,2,2,10,840002,1
840073268,3,3,10,1,1,3,10,840002,1
840073269,3,1,10,5,3,3,10,840002,1
840073270,2,3,3,1,1,1,10,840001,1
840073271,2,3,8,4,1,1,10,840001,1
840073272,3,1,10,1,1,10,10,840002,2
840073273,2,2,10,1,2,7,10,840001,2
840073274,3,3,3,1,1,1,10,840002,1
840073275,2,1,8,4,5,3,10,840001,2
840073276,4,1,10,1,1,1,10,840002,1
840073277,2,2,9,1,5,2,10,840002,2
840073278,4,2,10,1,3,1,10,840004,1
840073279,2,2,10,1,1,1,10,840002,1
840073280,3,2,10,9,2,1,10,840002,2
840073281,4,1,10,1,1,1,10,840002,2
840073282,2,2,10,1,8,10,10,840002,2
840073283,4,1,8,5,2,3,10,840002,2
840073284,3,1,8,1,1,1,10,840002,1
840073285,4,1,10,1,1,1,10,840004,2
840073286,2,1,7,2,3,2,10,840002,1
840073287,2,3,10,1,1,1,10,840002,1
840073288,2,2,10,2,1,6,10,840002,1
840073289,2,2,10,1,2,1,10,840001,2
840073290,2,2,7,7,5,1,10,840005,1
840073291,2,1,6,3,9,1,10,840001,1
840073292,3,2,5,1,1,6,10,840002,2
840073293,2,1,8,1,2,1,10,840002,2
840073294,4,3,10,10,1,1,10,840005,1
840073295,2,3,9,1,1,2,10,840002,1
840073296,2,2,5,3,2,2,10,840002,1
840073297,4,2,10,10,7,1,10,840001,2
840073298,2,3,9,4,2,10,10,840001,1
840073299,4,3,10,10,1,10,10,840001,1
840073300,4,3,10,1,1,1,10,840002,1
840073301,2,2,9,9,1,1,10,840002,1
840073302,2,2,5,1,1,1,10,840004,1
840073303,3,1,7,4,1,1,10,840002,1
840073304,3,2,10,3,4,1,10,840001,1
840073305,5,2,10,1,1,1,10,840001,1
840073306,2,3,10,2,1,2,10,840001,1
840073307,3,3,10,6,1,1,10,840001,1
840073308,3,3,10,1,1,10,10,840002,2
840073309,4,3,10,4,1,5,10,840005,2
840073310,2,1,10,1,1,1,10,840002,1
840073311,2,2,8,1,2,7,10,840001,1
840073312,2,2,10,1,1,3,10,840004,1
840073313,3,2,10,1,2,1,10,840002,1
840073314,2,1,10,1,1,5,10,840002,1
840073315,2,3,10,1,1,1,10,840001,1
840073316,2,3,7,6,2,2,10,840004,1
840073317,3,3,8,1,1,2,10,840002,1
840073318,4,3,7,1,10,1,10,840001,1
840073319,2,3,10,1,1,1,10,840002,1
840073320,2,3,9,1,1,10,10,840002,2
840073321,2,3,10,1,1,1,10,840002,1
840073322,3,1,10,1,1,1,10,840002,2
840073323,2,2,1,5,3,1,10,840001,1
840073324,3,2,9,2,1,4,10,840002,1
840073325,3,3,10,10,8,3,10,840004,1
840073326,2,1,9,1,2,2,10,840004,1
840073327,3,2,8,2,6,1,10,840002,2
840073328,4,3,8,5,1,1,10,840004,1
840073329,3,3,10,3,1,1,10,840001,2
840073330,-2,2,8,1,3,1,10,840002,2
840073331,4,3,8,1,1,1,10,840002,1
840073332,3,2,10,3,3,10,10,840001,1
840073333,4,2,6,5,1,1,10,840002,1
840073334,3,2,10,1,1,10,10,840002,1
840073335,2,3,8,2,2,1,10,840002,1
840073336,2,3,8,1,2,1,10,840002,1
840073337,2,1,10,2,1,10,10,840002,2
840073338,2,2,10,2,1,1,10,-2,2
840073339,3,1,10,1,1,1,10,840002,1
840073340,3,2,10,1,1,1,10,840002,2
840073341,3,2,10,2,3,4,10,840002,1
840073342,3,2,10,1,1,10,10,840002,2
840073343,2,2,10,1,1,1,10,840002,1
840073344,3,3,9,1,1,3,10,840002,1
840073345,3,2,9,8,5,9,10,840001,1
840073346,2,1,10,5,7,3,10,840002,1
840073347,2,3,10,7,2,1,10,840001,1
840073348,2,2,9,5,2,1,10,840002,2
840073349,2,2,6,2,3,1,10,840005,2
840073350,2,3,1,5,5,1,10,840001,1
840073351,2,2,10,2,1,1,10,840002,1
840073352,2,3,5,5,1,1,10,840001,2
840073353,5,2,10,10,10,10,10,840001,1
840073354,2,3,9,2,1,1,10,840002,1
840073355,2,3,9,1,1,1,10,840002,1
840073356,3,3,4,1,10,1,10,840001,2
840073357,2,3,-2,1,1,1,10,840002,1
840073358,3,3,10,8,4,4,10,840002,2
840073359,3,2,10,1,1,10,10,840002,2
840073360,3,2,10,1,1,1,10,840002,2
840073361,4,2,5,1,3,4,10,840001,1
840073362,3,2,10,1,1,1,10,840001,2
840073363,2,2,6,1,1,10,10,840002,1
840073364,2,1,10,10,5,7,10,840001,2
840073365,3,1,1,9,2,1,10,840002,2
840073366,4,3,10,1,1,1,10,840005,1
840073367,2,3,9,2,1,1,10,840004,1
840073368,4,3,7,1,1,1,10,840005,1
840073369,4,2,10,6,1,1,10,840004,1
840073370,2,3,10,1,1,1,10,840002,1
840073371,3,2,3,1,1,7,10,840002,1
840073372,2,1,10,1,1,4,10,840002,2
840073373,3,3,10,1,1,7,10,840002,2
840073374,3,1,6,5,7,2,10,840004,1
840073375,2,3,10,1,1,1,10,840006,1
840073376,3,1,10,1,1,1,10,840005,2
840073377,3,1,10,6,4,3,10,840004,2
840073378,2,3,10,1,1,1,10,840002,1
840073379,2,2,8,1,1,1,10,840002,1
840073380,2,3,7,6,5,4,10,840001,1
840073381,2,3,10,2,1,3,10,840002,1
840073382,2,3,5,1,1,1,10,840005,1
840073383,1,1,10,10,10,10,10,840002,1
840073384,3,3,10,1,1,1,10,840002,1
840073385,5,3,10,5,10,10,10,840001,1
840073386,2,3,10,5,1,5,10,840004,1
840073387,2,2,6,2,1,2,10,840002,1
840073388,3,2,10,1,1,1,10,840002,2
840073389,5,1,10,1,1,1,10,840002,1
840073390,3,2,10,1,1,1,10,840005,1
840073391,3,2,10,1,1,1,10,840002,1
840073392,4,3,10,5,8,7,10,840005,1
840073393,2,3,10,1,1,10,10,840005,1
840073394,3,2,10,3,1,2,10,840001,1
840073395,2,3,10,1,1,1,10,840002,1
840073396,3,3,7,2,1,1,10,840002,1
840073397,3,2,10,1,1,1,10,840002,1
840073398,3,3,9,7,3,3,10,840001,1
840073399,2,3,9,9,8,2,10,840001,1
840073400,3,2,8,1,3,1,10,840002,1
840073401,5,3,3,1,1,1,10,840005,1
840073402,2,2,7,3,1,1,10,840002,2
840073403,3,2,5,5,3,1,10,840004,1
840073404,2,2,5,1,1,3,10,840002,1
840073405,2,3,10,1,1,2,10,840002,1
840073406,3,3,10,1,1,1,10,840002,2
840073407,3,2,8,1,1,1,10,840002,1
840073408,3,3,8,1,1,1,10,840002,1
840073409,3,2,10,1,1,1,10,840002,2
840073410,2,3,10,4,1,1,10,840001,1
840073411,3,2,10,1,1,1,10,840002,2
840073412,3,3,2,7,3,3,10,840002,1
840073413,3,3,1,9,10,4,10,840001,1
840073414,3,3,10,1,2,1,10,840002,1
840073415,3,3,10,10,1,1,10,840002,2
840073416,2,2,7,4,1,1,10,840001,1
840073417,2,2,10,2,1,3,10,840002,1
840073418,2,2,9,4,3,4,10,840001,1
840073419,2,2,9,1,2,1,10,840002,1
840073420,2,3,10,2,1,1,10,840001,1
840073421,2,3,10,1,1,2,10,840002,1
840073422,2,3,6,3,6,5,10,840002,1
840073423,2,3,10,6,1,1,10,840001,1
840073424,4,3,8,5,4,7,10,840001,1
840073425,2,3,8,2,1,1,10,840002,1
840073426,3,2,9,1,2,7,10,840002,2
840073427,3,2,9,3,2,1,10,840002,1
840073428,5,3,10,10,10,9,10,840002,2
840073429,2,3,10,3,1,3,10,840001,1
840073430,3,2,10,1,1,1,10,840002,1
840073431,4,2,9,2,2,2,10,840005,2
840073432,3,2,10,1,2,1,10,840002,1
840073433,3,3,9,5,1,10,10,840005,2
840073434,3,3,10,1,2,1,10,840002,1
840073435,2,3,10,3,1,1,10,840002,1
840073436,2,3,9,2,3,2,10,840001,1
840073437,2,1,8,3,1,1,10,840002,2
840073438,2,3,10,1,1,1,10,840002,1
840073439,3,2,6,1,1,7,10,840002,1
840073440,2,3,9,1,1,10,10,840001,2
840073441,5,3,9,3,3,5,10,840001,2
840073442,3,3,10,1,1,10,10,840002,1
840073443,2,3,8,8,1,2,10,840005,1
840073444,4,3,7,1,1,1,10,840002,1
840073445,2,2,9,1,1,1,10,840002,2
840073446,2,3,7,6,1,1,10,840001,1
840073447,3,3,9,5,6,7,10,840004,1
840073448,3,2,9,1,4,7,10,840004,1
840073449,4,3,10,1,2,1,10,840002,1
840073450,-2,2,10,1,1,1,10,840002,1
840073451,3,2,10,6,2,1,10,840002,1
840073452,2,2,8,5,5,3,10,840001,1
840073453,3,2,10,1,1,1,10,840002,2
840073454,3,3,6,3,5,1,10,840002,1
840073455,3,2,10,1,1,1,10,840002,2
840073456,3,3,10,5,7,6,10,840002,2
840073457,2,2,10,1,1,1,10,840002,1
840073458,3,2,10,1,1,1,10,840002,1
840073459,3,2,10,3,3,1,10,840001,1
840073460,2,2,6,8,1,1,10,840001,2
840073461,2,2,9,2,3,2,10,840002,2
840073462,2,3,10,1,1,1,10,840005,1
840073463,4,3,10,1,1,1,10,840002,1
840073464,2,3,8,9,1,10,10,840001,1
840073465,2,3,6,1,1,1,10,840005,1
840073466,4,3,10,10,10,1,10,840002,2
840073467,3,2,10,2,2,1,10,840002,1
840073468,3,3,8,3,4,5,10,840005,1
840073469,4,3,10,3,1,3,10,840002,1
840073470,4,2,10,10,5,7,10,840002,2
840073471,2,2,10,3,3,2,10,840002,2
840073472,4,1,5,1,1,10,10,840002,2
840073473,2,3,10,8,1,1,10,840001,1
840073474,2,2,9,2,1,2,10,840001,1
840073475,2,2,8,1,1,1,10,840002,2
840073476,2,3,1,9,4,7,10,840002,1
840073477,4,1,10,1,1,1,10,840004,2
840073478,2,2,10,4,7,2,10,840002,2
840073479,3,2,2,1,2,1,10,840001,1
840073480,3,3,10,1,1,-2,10,840002,1
840073481,3,2,10,1,1,1,10,840005,2
840073482,2,3,7,5,1,3,10,840002,2
840073483,5,2,10,1,1,1,10,840004,2
840073484,2,1,10,2,3,1,10,840005,1
840073485,4,3,6,4,4,2,10,840004,1
840073486,3,2,5,1,1,1,10,840002,1
840073487,2,2,10,1,1,1,10,840002,1
840073488,3,3,10,5,10,7,10,840002,1
840073489,3,1,10,3,2,1,10,840002,2
840073490,4,2,10,1,1,1,10,840002,1
840073491,3,2,8,1,1,1,10,840005,1
840073492,2,3,8,5,1,2,10,840002,1
840073493,3,3,10,1,1,1,10,840002,2
840073494,3,2,7,1,1,1,10,840002,1
840073495,2,3,8,5,7,1,10,840002,2
840073496,2,2,10,1,1,1,10,840002,1
840073497,3,1,10,9,5,1,10,840002,2
840073498,2,3,10,1,1,1,10,-2,1
840073499,2,3,8,1,1,1,10,840001,2
840073500,2,2,10,7,2,1,10,840001,1
840073501,4,3,10,10,5,10,10,840001,1
840073502,4,3,10,1,1,1,10,840002,1
840073503,3,3,10,10,1,1,10,840001,1
840073504,4,3,10,1,1,1,10,840005,1
840073505,3,2,10,1,1,1,10,840002,1
840073506,2,3,10,8,8,8,10,840002,2
840073507,4,1,10,5,4,1,10,840002,2
840073508,3,1,9,1,1,4,10,840002,1
840073509,4,1,10,1,1,1,10,840002,1
840073510,5,2,9,7,1,3,10,840002,2
840073511,3,3,6,6,1,1,10,840002,2
840073512,3,2,8,3,1,6,10,840002,1
840073513,2,3,10,9,9,1,10,840002,2
840073514,3,2,10,1,1,1,10,840002,1
840073515,3,3,10,1,1,1,10,840002,2
840073516,3,2,10,9,1,9,10,840002,2
840073517,3,3,8,1,1,2,10,840005,1
840073518,3,3,8,1,1,1,10,840002,1
840073519,4,3,3,8,8,1,10,840001,1
840073520,2,3,7,1,1,1,10,840002,1
840073521,2,3,9,1,1,2,10,840002,2
840073522,2,3,9,8,2,1,10,-2,1
840073523,3,2,10,10,1,1,10,840002,1
840073524,3,3,10,1,1,1,10,840002,1
840073525,2,2,10,10,1,1,10,840002,2
840073526,3,3,10,2,1,1,10,840001,2
840073527,3,3,10,10,10,2,10,840002,1
840073528,4,3,10,3,8,1,10,840002,1
840073529,3,3,10,1,1,1,10,840002,2
840073530,1,3,10,1,1,1,10,840002,2
840073531,2,3,10,1,5,1,10,840001,1
840073532,4,3,10,1,1,1,10,840002,1
840073533,3,3,6,1,1,1,10,840005,2
840073534,5,2,3,1,1,1,10,840002,1
840073535,3,2,10,10,1,1,10,840001,1
840073536,3,2,10,1,1,10,10,-2,2
840073537,3,3,10,1,9,1,10,840002,1
840073538,3,2,9,1,7,1,10,840002,2
840073539,3,3,10,1,1,1,10,840002,2
840073540,4,3,8,1,8,1,10,840002,2
840073541,-1,1,1,1,1,10,-1,-2,1
840073542,3,3,10,3,5,5,7,840002,1
840073543,5,3,7,5,1,1,8,840002,2
840073544,4,2,-2,-2,-2,-2,-2,840001,2
840073545,-2,2,-2,-2,-2,-2,-2,840001,1
840073546,2,3,-2,-2,-2,-2,-2,840002,2
840073547,4,1,8,6,-2,-2,-2,-2,2
840073548,-2,1,-2,-2,-2,-2,-2,-2,2
840073549,4,3,-2,-2,-2,-2,-2,-2,1
840073550,4,2,-2,-2,-2,-2,-2,840001,2
840073551,3,1,-2,-2,-2,-2,-2,840002,2
840073552,-2,1,-2,-2,-2,-2,-2,-2,1
840073553,3,1,-2,-2,-2,-2,-2,840001,2
840073554,-2,1,-2,-2,-2,-2,-2,-2,1
840073555,-2,1,-2,-2,-2,-2,-2,-2,2
840073556,4,1,-2,-2,-2,-2,-2,840005,2
840073557,-2,3,-2,-2,-2,-2,-2,-2,2
840073558,3,3,-2,-2,-2,-2,-2,840001,1
840073559,3,2,-2,-2,-2,-2,-2,840001,2
840073560,4,1,-2,-2,-2,-2,-2,840002,2
840073561,-2,1,-2,-2,-2,-2,-2,-2,2
840073562,-2,1,-2,-2,-2,-2,-2,-2,1
840073563,2,2,6,1,1,2,-2,840002,2
840073564,2,2,-2,-2,-2,-2,-2,-2,1
840073565,2,1,-2,-2,-2,-2,-2,840002,2
840073566,-2,1,-2,8,-2,-2,-2,-2,1
840073567,-2,2,-2,-2,-2,-2,-2,-2,2
840073568,3,3,-2,-2,-2,-2,-2,-2,2
840073569,-2,1,-2,-2,-2,-2,-2,-2,2
840073570,-2,1,-2,-2,-2,-2,-2,-2,1
840073571,4,2,-2,-2,-2,-2,-2,840005,2
840073572,-2,2,-2,-2,-2,-2,-2,-2,2
840073573,3,2,4,2,2,2,4,-2,2
840073574,-2,2,4,7,5,5,4,-2,2
840073575,-2,1,5,5,5,5,5,-2,2
840073576,2,2,5,5,5,5,5,-2,2
840073577,3,1,5,2,1,1,5,840004,2
840073578,2,2,5,5,5,5,5,840002,2
840073579,5,2,5,5,5,5,5,-2,2
840073580,4,3,7,8,5,5,5,-2,2
840073581,4,3,5,5,5,5,5,840001,2
840073582,2,3,1,5,6,9,5,-2,2
840073583,4,2,5,5,5,5,5,840002,1
840073584,-2,2,5,5,5,3,5,840005,2
840073585,4,2,5,5,10,5,5,840002,1
840073586,4,2,6,6,5,2,6,-2,2
840073587,4,1,6,10,6,1,7,840001,2
840073588,4,3,8,6,6,6,7,-2,2
840073589,2,3,10,10,10,10,8,-2,2
840073590,3,1,5,5,5,1,8,-2,2
840073591,3,1,10,6,8,8,8,840005,2
840073592,5,2,7,7,5,8,8,840002,2
840073593,3,2,7,1,1,3,9,840005,1
840073594,3,1,10,1,5,1,10,840002,2
840073595,3,1,10,3,1,1,10,840002,1
840073596,-2,2,10,10,10,10,10,840005,2
